subscription_id,customer_id,plan_name,monthly_amount,status,start_date,end_date
sub_101,c_128,Basic,29.00,active,2026-01-01,
sub_102,c_042,Trial,0.00,active,2026-01-01,
sub_103,c_829,Trial,0.00,cancelled,2026-01-01,2026-02-05
sub_104,c_248,Pro,89.00,cancelled,2026-01-01,2026-01-18
sub_105,c_120,Enterprise,499.00,upgraded,2026-01-01,2026-02-02
sub_106,c_120,Pro,89.00,active,2026-02-02,
sub_107,c_071,Basic,29.00,cancelled,2026-01-01,2026-01-27
sub_108,c_815,Basic,29.00,upgraded,2026-01-01,2026-02-09
sub_109,c_815,Enterprise,499.00,active,2026-02-09,
sub_110,c_625,Enterprise,499.00,cancelled,2026-01-01,2026-02-15
sub_111,c_097,Basic,29.00,active,2026-01-01,
sub_112,c_588,Enterprise,499.00,cancelled,2026-01-02,2026-01-26
sub_113,c_717,Trial,0.00,cancelled,2026-01-02,2026-01-22
sub_114,c_450,Pro,89.00,cancelled,2026-01-02,2026-02-03
sub_115,c_054,Trial,0.00,active,2026-01-02,
sub_116,c_682,Basic,29.00,cancelled,2026-01-02,2026-01-31
sub_117,c_831,Pro,89.00,cancelled,2026-01-02,2026-01-29
sub_118,c_308,Trial,0.00,active,2026-01-03,
sub_119,c_599,Enterprise,499.00,active,2026-01-03,
sub_120,c_068,Enterprise,499.00,upgraded,2026-01-03,2026-02-04
sub_121,c_068,Pro,89.00,active,2026-02-04,
sub_122,c_701,Basic,29.00,active,2026-01-04,
sub_123,c_671,Pro,89.00,upgraded,2026-01-04,2026-02-06
sub_124,c_671,Enterprise,499.00,active,2026-02-06,
sub_125,c_854,Trial,0.00,active,2026-01-04,
sub_126,c_687,Basic,29.00,active,2026-01-04,
sub_127,c_425,Trial,0.00,active,2026-01-04,
sub_128,c_326,Trial,0.00,cancelled,2026-01-05,2026-01-09
sub_129,c_294,Pro,89.00,upgraded,2026-01-05,2026-01-18
sub_130,c_294,Enterprise,499.00,cancelled,2026-01-18,2026-02-17
sub_131,c_979,Enterprise,499.00,upgraded,2026-01-05,2026-01-13
sub_132,c_979,Basic,29.00,active,2026-01-13,
sub_133,c_742,Pro,89.00,cancelled,2026-01-06,2026-02-14
sub_134,c_521,Enterprise,499.00,active,2026-01-06,
sub_135,c_280,Enterprise,499.00,upgraded,2026-01-06,2026-02-11
sub_136,c_280,Pro,89.00,cancelled,2026-02-11,2026-02-22
sub_137,c_364,Pro,89.00,upgraded,2026-01-06,2026-02-20
sub_138,c_364,Basic,29.00,cancelled,2026-02-20,2026-02-22
sub_139,c_564,Enterprise,499.00,active,2026-01-07,
sub_140,c_628,Basic,29.00,upgraded,2026-01-07,2026-01-21
sub_141,c_628,Pro,89.00,active,2026-01-21,
sub_142,c_004,Basic,29.00,cancelled,2026-01-07,2026-02-18
sub_143,c_023,Enterprise,499.00,upgraded,2026-01-07,2026-01-09
sub_144,c_023,Basic,29.00,cancelled,2026-01-09,2026-01-18
sub_145,c_792,Basic,29.00,upgraded,2026-01-07,2026-01-08
sub_146,c_792,Pro,89.00,cancelled,2026-01-08,2026-02-16
sub_147,c_300,Pro,89.00,upgraded,2026-01-07,2026-02-18
sub_148,c_300,Enterprise,499.00,cancelled,2026-02-18,2026-03-15
sub_149,c_924,Pro,89.00,cancelled,2026-01-07,2026-01-24
sub_150,c_941,Basic,29.00,cancelled,2026-01-08,2026-01-28
sub_151,c_116,Enterprise,499.00,upgraded,2026-01-08,2026-01-15
sub_152,c_116,Basic,29.00,cancelled,2026-01-15,2026-02-20
sub_153,c_448,Pro,89.00,cancelled,2026-01-08,2026-02-21
sub_154,c_081,Trial,0.00,cancelled,2026-01-08,2026-01-13
sub_155,c_908,Pro,89.00,cancelled,2026-01-08,2026-02-18
sub_156,c_102,Pro,89.00,cancelled,2026-01-09,2026-01-26
sub_157,c_484,Pro,89.00,active,2026-01-09,
sub_158,c_919,Basic,29.00,upgraded,2026-01-09,2026-01-25
sub_159,c_919,Pro,89.00,cancelled,2026-01-25,2026-03-09
sub_160,c_462,Pro,89.00,upgraded,2026-01-09,2026-01-18
sub_161,c_462,Basic,29.00,cancelled,2026-01-18,2026-02-06
sub_162,c_751,Pro,89.00,cancelled,2026-01-09,2026-02-04
sub_163,c_984,Enterprise,499.00,upgraded,2026-01-09,2026-01-12
sub_164,c_984,Basic,29.00,cancelled,2026-01-12,2026-01-27
sub_165,c_626,Enterprise,499.00,upgraded,2026-01-09,2026-02-01
sub_166,c_626,Pro,89.00,active,2026-02-01,
sub_167,c_552,Basic,29.00,cancelled,2026-01-09,2026-01-16
sub_168,c_015,Enterprise,499.00,active,2026-01-09,
sub_169,c_474,Pro,89.00,upgraded,2026-01-10,2026-02-15
sub_170,c_474,Basic,29.00,cancelled,2026-02-15,2026-03-29
sub_171,c_962,Trial,0.00,active,2026-01-10,
sub_172,c_168,Pro,89.00,active,2026-01-11,
sub_173,c_586,Pro,89.00,cancelled,2026-01-11,2026-02-02
sub_174,c_706,Pro,89.00,cancelled,2026-01-11,2026-02-18
sub_175,c_513,Pro,89.00,cancelled,2026-01-11,2026-01-19
sub_176,c_403,Enterprise,499.00,active,2026-01-11,
sub_177,c_405,Trial,0.00,cancelled,2026-01-12,2026-01-25
sub_178,c_076,Trial,0.00,upgraded,2026-01-12,2026-02-06
sub_179,c_076,Enterprise,499.00,cancelled,2026-02-06,2026-03-05
sub_180,c_623,Trial,0.00,active,2026-01-12,
sub_181,c_044,Basic,29.00,active,2026-01-12,
sub_182,c_222,Pro,89.00,cancelled,2026-01-12,2026-02-18
sub_183,c_340,Enterprise,499.00,active,2026-01-12,
sub_184,c_926,Pro,89.00,upgraded,2026-01-12,2026-01-24
sub_185,c_926,Basic,29.00,cancelled,2026-01-24,2026-02-15
sub_186,c_986,Basic,29.00,cancelled,2026-01-12,2026-02-22
sub_187,c_914,Trial,0.00,active,2026-01-12,
sub_188,c_052,Enterprise,499.00,cancelled,2026-01-13,2026-01-27
sub_189,c_917,Basic,29.00,upgraded,2026-01-13,2026-01-24
sub_190,c_917,Enterprise,499.00,active,2026-01-24,
sub_191,c_417,Basic,29.00,upgraded,2026-01-13,2026-02-10
sub_192,c_417,Enterprise,499.00,cancelled,2026-02-10,2026-03-10
sub_193,c_024,Enterprise,499.00,cancelled,2026-01-13,2026-01-14
sub_194,c_352,Trial,0.00,upgraded,2026-01-14,2026-01-27
sub_195,c_352,Enterprise,499.00,cancelled,2026-01-27,2026-01-28
sub_196,c_488,Pro,89.00,upgraded,2026-01-14,2026-01-27
sub_197,c_488,Basic,29.00,active,2026-01-27,
sub_198,c_640,Basic,29.00,active,2026-01-14,
sub_199,c_461,Pro,89.00,cancelled,2026-01-14,2026-01-23
sub_200,c_079,Trial,0.00,cancelled,2026-01-14,2026-02-16
sub_201,c_837,Pro,89.00,active,2026-01-14,
sub_202,c_088,Trial,0.00,active,2026-01-14,
sub_203,c_180,Pro,89.00,cancelled,2026-01-14,2026-02-13
sub_204,c_121,Pro,89.00,cancelled,2026-01-14,2026-02-27
sub_205,c_056,Basic,29.00,cancelled,2026-01-14,2026-02-15
sub_206,c_228,Pro,89.00,active,2026-01-14,
sub_207,c_526,Basic,29.00,cancelled,2026-01-15,2026-01-17
sub_208,c_342,Basic,29.00,active,2026-01-15,
sub_209,c_546,Basic,29.00,active,2026-01-15,
sub_210,c_966,Trial,0.00,upgraded,2026-01-15,2026-02-17
sub_211,c_966,Basic,29.00,active,2026-02-17,
sub_212,c_680,Pro,89.00,upgraded,2026-01-15,2026-02-26
sub_213,c_680,Basic,29.00,cancelled,2026-02-26,2026-04-08
sub_214,c_699,Pro,89.00,upgraded,2026-01-15,2026-02-24
sub_215,c_699,Basic,29.00,active,2026-02-24,
sub_216,c_898,Trial,0.00,upgraded,2026-01-15,2026-01-17
sub_217,c_898,Basic,29.00,active,2026-01-17,
sub_218,c_177,Enterprise,499.00,cancelled,2026-01-15,2026-02-09
sub_219,c_707,Trial,0.00,upgraded,2026-01-15,2026-02-01
sub_220,c_707,Pro,89.00,active,2026-02-01,
sub_221,c_729,Basic,29.00,upgraded,2026-01-15,2026-02-28
sub_222,c_729,Pro,89.00,cancelled,2026-02-28,2026-03-27
sub_223,c_616,Trial,0.00,upgraded,2026-01-16,2026-02-19
sub_224,c_616,Pro,89.00,active,2026-02-19,
sub_225,c_479,Enterprise,499.00,active,2026-01-16,
sub_226,c_991,Trial,0.00,cancelled,2026-01-16,2026-01-24
sub_227,c_284,Trial,0.00,cancelled,2026-01-16,2026-01-29
sub_228,c_481,Basic,29.00,cancelled,2026-01-16,2026-02-19
sub_229,c_078,Basic,29.00,cancelled,2026-01-16,2026-02-12
sub_230,c_615,Pro,89.00,active,2026-01-16,
sub_231,c_980,Trial,0.00,upgraded,2026-01-16,2026-02-17
sub_232,c_980,Basic,29.00,cancelled,2026-02-17,2026-03-11
sub_233,c_714,Basic,29.00,active,2026-01-16,
sub_234,c_858,Trial,0.00,upgraded,2026-01-17,2026-01-23
sub_235,c_858,Basic,29.00,cancelled,2026-01-23,2026-02-02
sub_236,c_791,Trial,0.00,upgraded,2026-01-17,2026-01-22
sub_237,c_791,Enterprise,499.00,active,2026-01-22,
sub_238,c_779,Pro,89.00,upgraded,2026-01-17,2026-02-01
sub_239,c_779,Enterprise,499.00,cancelled,2026-02-01,2026-02-18
sub_240,c_371,Enterprise,499.00,active,2026-01-17,
sub_241,c_045,Trial,0.00,active,2026-01-17,
sub_242,c_987,Trial,0.00,cancelled,2026-01-17,2026-02-10
sub_243,c_757,Pro,89.00,cancelled,2026-01-17,2026-01-25
sub_244,c_863,Trial,0.00,active,2026-01-17,
sub_245,c_884,Trial,0.00,active,2026-01-17,
sub_246,c_187,Basic,29.00,cancelled,2026-01-17,2026-02-09
sub_247,c_997,Enterprise,499.00,upgraded,2026-01-17,2026-02-04
sub_248,c_997,Basic,29.00,cancelled,2026-02-04,2026-02-26
sub_249,c_719,Basic,29.00,active,2026-01-17,
sub_250,c_500,Enterprise,499.00,cancelled,2026-01-18,2026-02-17
sub_251,c_834,Pro,89.00,cancelled,2026-01-18,2026-03-04
sub_252,c_721,Enterprise,499.00,cancelled,2026-01-18,2026-03-01
sub_253,c_301,Basic,29.00,active,2026-01-18,
sub_254,c_982,Basic,29.00,upgraded,2026-01-18,2026-01-22
sub_255,c_982,Pro,89.00,active,2026-01-22,
sub_256,c_909,Enterprise,499.00,upgraded,2026-01-18,2026-02-18
sub_257,c_909,Pro,89.00,active,2026-02-18,
sub_258,c_242,Enterprise,499.00,cancelled,2026-01-18,2026-02-27
sub_259,c_325,Trial,0.00,upgraded,2026-01-18,2026-01-27
sub_260,c_325,Pro,89.00,cancelled,2026-01-27,2026-02-04
sub_261,c_096,Enterprise,499.00,cancelled,2026-01-18,2026-01-21
sub_262,c_010,Trial,0.00,cancelled,2026-01-19,2026-03-02
sub_263,c_197,Pro,89.00,active,2026-01-19,
sub_264,c_255,Basic,29.00,upgraded,2026-01-19,2026-02-10
sub_265,c_255,Pro,89.00,cancelled,2026-02-10,2026-03-25
sub_266,c_825,Basic,29.00,cancelled,2026-01-19,2026-02-11
sub_267,c_424,Enterprise,499.00,active,2026-01-19,
sub_268,c_693,Trial,0.00,active,2026-01-19,
sub_269,c_688,Basic,29.00,upgraded,2026-01-19,2026-02-19
sub_270,c_688,Enterprise,499.00,active,2026-02-19,
sub_271,c_760,Trial,0.00,cancelled,2026-01-19,2026-02-09
sub_272,c_447,Basic,29.00,cancelled,2026-01-20,2026-02-07
sub_273,c_271,Trial,0.00,upgraded,2026-01-20,2026-02-04
sub_274,c_271,Enterprise,499.00,cancelled,2026-02-04,2026-03-02
sub_275,c_841,Basic,29.00,active,2026-01-20,
sub_276,c_913,Enterprise,499.00,cancelled,2026-01-20,2026-02-26
sub_277,c_440,Enterprise,499.00,active,2026-01-20,
sub_278,c_411,Enterprise,499.00,cancelled,2026-01-21,2026-02-11
sub_279,c_892,Trial,0.00,cancelled,2026-01-21,2026-03-04
sub_280,c_390,Trial,0.00,active,2026-01-21,
sub_281,c_752,Enterprise,499.00,cancelled,2026-01-21,2026-01-24
sub_282,c_531,Trial,0.00,active,2026-01-21,
sub_283,c_175,Pro,89.00,upgraded,2026-01-21,2026-02-26
sub_284,c_175,Basic,29.00,cancelled,2026-02-26,2026-03-20
sub_285,c_311,Pro,89.00,active,2026-01-22,
sub_286,c_030,Basic,29.00,cancelled,2026-01-22,2026-02-13
sub_287,c_376,Enterprise,499.00,upgraded,2026-01-22,2026-03-06
sub_288,c_376,Pro,99.00,cancelled,2026-03-06,2026-03-14
sub_289,c_036,Trial,0.00,upgraded,2026-01-22,2026-02-06
sub_290,c_036,Basic,29.00,cancelled,2026-02-06,2026-03-01
sub_291,c_043,Pro,89.00,upgraded,2026-01-22,2026-02-25
sub_292,c_043,Enterprise,499.00,active,2026-02-25,
sub_293,c_795,Trial,0.00,active,2026-01-22,
sub_294,c_774,Enterprise,499.00,active,2026-01-23,
sub_295,c_305,Enterprise,499.00,active,2026-01-23,
sub_296,c_092,Pro,89.00,upgraded,2026-01-23,2026-02-05
sub_297,c_092,Basic,29.00,active,2026-02-05,
sub_298,c_315,Enterprise,499.00,active,2026-01-23,
sub_299,c_256,Enterprise,499.00,active,2026-01-23,
sub_300,c_218,Pro,89.00,active,2026-01-24,
sub_301,c_548,Enterprise,499.00,active,2026-01-24,
sub_302,c_881,Trial,0.00,cancelled,2026-01-24,2026-02-23
sub_303,c_865,Basic,29.00,cancelled,2026-01-24,2026-01-25
sub_304,c_832,Trial,0.00,upgraded,2026-01-24,2026-02-21
sub_305,c_832,Enterprise,499.00,cancelled,2026-02-21,2026-03-26
sub_306,c_203,Basic,29.00,upgraded,2026-01-24,2026-03-03
sub_307,c_203,Pro,99.00,active,2026-03-03,
sub_308,c_141,Trial,0.00,cancelled,2026-01-24,2026-03-08
sub_309,c_532,Pro,89.00,upgraded,2026-01-24,2026-02-18
sub_310,c_532,Enterprise,499.00,active,2026-02-18,
sub_311,c_509,Pro,89.00,cancelled,2026-01-25,2026-02-16
sub_312,c_327,Pro,89.00,cancelled,2026-01-25,2026-02-03
sub_313,c_994,Basic,29.00,cancelled,2026-01-25,2026-03-05
sub_314,c_270,Pro,89.00,upgraded,2026-01-25,2026-03-02
sub_315,c_270,Enterprise,499.00,active,2026-03-02,
sub_316,c_209,Basic,29.00,active,2026-01-25,
sub_317,c_868,Pro,89.00,upgraded,2026-01-25,2026-02-17
sub_318,c_868,Basic,29.00,active,2026-02-17,
sub_319,c_953,Pro,89.00,upgraded,2026-01-25,2026-02-02
sub_320,c_953,Enterprise,499.00,cancelled,2026-02-02,2026-03-12
sub_321,c_918,Enterprise,499.00,upgraded,2026-01-26,2026-03-02
sub_322,c_918,Pro,99.00,cancelled,2026-03-02,2026-03-03
sub_323,c_506,Trial,0.00,active,2026-01-26,
sub_324,c_354,Enterprise,499.00,active,2026-01-26,
sub_325,c_332,Trial,0.00,upgraded,2026-01-26,2026-01-30
sub_326,c_332,Basic,29.00,cancelled,2026-01-30,2026-02-10
sub_327,c_830,Pro,89.00,upgraded,2026-01-26,2026-02-12
sub_328,c_830,Basic,29.00,active,2026-02-12,
sub_329,c_632,Pro,89.00,active,2026-01-26,
sub_330,c_542,Trial,0.00,cancelled,2026-01-27,2026-02-25
sub_331,c_807,Trial,0.00,upgraded,2026-01-27,2026-03-12
sub_332,c_807,Enterprise,499.00,active,2026-03-12,
sub_333,c_163,Enterprise,499.00,active,2026-01-27,
sub_334,c_902,Pro,89.00,upgraded,2026-01-27,2026-03-11
sub_335,c_902,Basic,29.00,cancelled,2026-03-11,2026-04-05
sub_336,c_735,Enterprise,499.00,upgraded,2026-01-27,2026-02-17
sub_337,c_735,Basic,29.00,active,2026-02-17,
sub_338,c_927,Pro,89.00,active,2026-01-27,
sub_339,c_681,Enterprise,499.00,active,2026-01-27,
sub_340,c_029,Pro,89.00,upgraded,2026-01-27,2026-03-03
sub_341,c_029,Basic,29.00,active,2026-03-03,
sub_342,c_504,Pro,89.00,cancelled,2026-01-27,2026-02-08
sub_343,c_803,Trial,0.00,active,2026-01-28,
sub_344,c_065,Basic,29.00,upgraded,2026-01-28,2026-03-02
sub_345,c_065,Pro,99.00,cancelled,2026-03-02,2026-03-05
sub_346,c_533,Enterprise,499.00,cancelled,2026-01-28,2026-03-05
sub_347,c_026,Pro,89.00,active,2026-01-28,
sub_348,c_366,Basic,29.00,upgraded,2026-01-28,2026-02-14
sub_349,c_366,Pro,89.00,cancelled,2026-02-14,2026-03-16
sub_350,c_646,Basic,29.00,active,2026-01-28,
sub_351,c_259,Basic,29.00,cancelled,2026-01-29,2026-03-09
sub_352,c_282,Trial,0.00,upgraded,2026-01-29,2026-03-10
sub_353,c_282,Enterprise,499.00,cancelled,2026-03-10,2026-04-11
sub_354,c_727,Pro,89.00,active,2026-01-29,
sub_355,c_396,Pro,89.00,upgraded,2026-01-29,2026-02-13
sub_356,c_396,Basic,29.00,active,2026-02-13,
sub_357,c_134,Basic,29.00,cancelled,2026-01-29,2026-03-05
sub_358,c_343,Enterprise,499.00,active,2026-01-29,
sub_359,c_618,Pro,89.00,active,2026-01-30,
sub_360,c_401,Basic,29.00,upgraded,2026-01-30,2026-02-21
sub_361,c_401,Enterprise,499.00,cancelled,2026-02-21,2026-03-12
sub_362,c_612,Basic,29.00,upgraded,2026-01-30,2026-03-05
sub_363,c_612,Enterprise,499.00,active,2026-03-05,
sub_364,c_431,Trial,0.00,upgraded,2026-01-30,2026-02-22
sub_365,c_431,Pro,89.00,active,2026-02-22,
sub_366,c_860,Basic,29.00,active,2026-01-31,
sub_367,c_093,Pro,89.00,cancelled,2026-01-31,2026-02-08
sub_368,c_009,Enterprise,499.00,cancelled,2026-01-31,2026-03-07
sub_369,c_972,Pro,89.00,active,2026-01-31,
sub_370,c_907,Pro,89.00,upgraded,2026-01-31,2026-03-05
sub_371,c_907,Enterprise,499.00,cancelled,2026-03-05,2026-03-08
sub_372,c_089,Pro,89.00,upgraded,2026-01-31,2026-02-13
sub_373,c_089,Enterprise,499.00,active,2026-02-13,
sub_374,c_822,Trial,0.00,active,2026-01-31,
sub_375,c_144,Trial,0.00,upgraded,2026-01-31,2026-02-05
sub_376,c_144,Basic,29.00,active,2026-02-05,
sub_377,c_934,Enterprise,499.00,active,2026-01-31,
sub_378,c_244,Basic,29.00,upgraded,2026-02-01,2026-03-18
sub_379,c_244,Enterprise,499.00,active,2026-03-18,
sub_380,c_098,Basic,29.00,active,2026-02-01,
sub_381,c_703,Enterprise,499.00,upgraded,2026-02-01,2026-02-23
sub_382,c_703,Basic,29.00,active,2026-02-23,
sub_383,c_903,Trial,0.00,active,2026-02-01,
sub_384,c_432,Basic,29.00,cancelled,2026-02-02,2026-03-10
sub_385,c_232,Trial,0.00,upgraded,2026-02-02,2026-02-17
sub_386,c_232,Pro,89.00,cancelled,2026-02-17,2026-03-14
sub_387,c_963,Enterprise,499.00,upgraded,2026-02-02,2026-02-28
sub_388,c_963,Pro,89.00,cancelled,2026-02-28,2026-03-02
sub_389,c_483,Enterprise,499.00,upgraded,2026-02-02,2026-02-10
sub_390,c_483,Basic,29.00,active,2026-02-10,
sub_391,c_393,Trial,0.00,upgraded,2026-02-02,2026-02-07
sub_392,c_393,Pro,89.00,active,2026-02-07,
sub_393,c_725,Pro,89.00,upgraded,2026-02-02,2026-02-22
sub_394,c_725,Basic,29.00,cancelled,2026-02-22,2026-03-23
sub_395,c_778,Enterprise,499.00,cancelled,2026-02-03,2026-03-18
sub_396,c_922,Trial,0.00,cancelled,2026-02-03,2026-02-14
sub_397,c_993,Basic,29.00,active,2026-02-03,
sub_398,c_224,Enterprise,499.00,upgraded,2026-02-03,2026-02-22
sub_399,c_224,Basic,29.00,cancelled,2026-02-22,2026-04-07
sub_400,c_951,Pro,89.00,active,2026-02-03,
sub_401,c_952,Basic,29.00,active,2026-02-04,
sub_402,c_302,Trial,0.00,active,2026-02-04,
sub_403,c_592,Enterprise,499.00,upgraded,2026-02-04,2026-03-12
sub_404,c_592,Basic,29.00,cancelled,2026-03-12,2026-03-26
sub_405,c_106,Pro,89.00,active,2026-02-04,
sub_406,c_398,Enterprise,499.00,upgraded,2026-02-04,2026-03-09
sub_407,c_398,Basic,29.00,active,2026-03-09,
sub_408,c_737,Basic,29.00,active,2026-02-04,
sub_409,c_931,Pro,89.00,active,2026-02-04,
sub_410,c_512,Trial,0.00,active,2026-02-05,
sub_411,c_955,Trial,0.00,upgraded,2026-02-05,2026-03-07
sub_412,c_955,Enterprise,499.00,active,2026-03-07,
sub_413,c_603,Pro,89.00,upgraded,2026-02-05,2026-02-10
sub_414,c_603,Enterprise,499.00,active,2026-02-10,
sub_415,c_593,Basic,29.00,upgraded,2026-02-06,2026-03-16
sub_416,c_593,Enterprise,499.00,cancelled,2026-03-16,2026-04-08
sub_417,c_460,Basic,29.00,upgraded,2026-02-06,2026-03-20
sub_418,c_460,Pro,99.00,active,2026-03-20,
sub_419,c_249,Pro,89.00,upgraded,2026-02-06,2026-02-11
sub_420,c_249,Basic,29.00,cancelled,2026-02-11,2026-03-15
sub_421,c_638,Enterprise,499.00,cancelled,2026-02-06,2026-03-18
sub_422,c_266,Pro,89.00,upgraded,2026-02-06,2026-03-16
sub_423,c_266,Basic,29.00,cancelled,2026-03-16,2026-04-06
sub_424,c_663,Enterprise,499.00,active,2026-02-06,
sub_425,c_119,Trial,0.00,cancelled,2026-02-06,2026-02-22
sub_426,c_064,Basic,29.00,upgraded,2026-02-07,2026-03-21
sub_427,c_064,Enterprise,499.00,cancelled,2026-03-21,2026-04-14
sub_428,c_573,Basic,29.00,upgraded,2026-02-07,2026-03-01
sub_429,c_573,Enterprise,499.00,cancelled,2026-03-01,2026-03-30
sub_430,c_545,Pro,89.00,cancelled,2026-02-07,2026-03-11
sub_431,c_788,Trial,0.00,active,2026-02-07,
sub_432,c_731,Trial,0.00,cancelled,2026-02-07,2026-02-16
sub_433,c_673,Basic,29.00,cancelled,2026-02-08,2026-03-21
sub_434,c_769,Trial,0.00,upgraded,2026-02-08,2026-02-13
sub_435,c_769,Basic,29.00,active,2026-02-13,
sub_436,c_291,Enterprise,499.00,upgraded,2026-02-08,2026-02-22
sub_437,c_291,Basic,29.00,cancelled,2026-02-22,2026-03-29
sub_438,c_170,Enterprise,499.00,upgraded,2026-02-08,2026-02-18
sub_439,c_170,Pro,89.00,cancelled,2026-02-18,2026-03-05
sub_440,c_110,Pro,89.00,active,2026-02-08,
sub_441,c_498,Enterprise,499.00,upgraded,2026-02-08,2026-03-13
sub_442,c_498,Basic,29.00,cancelled,2026-03-13,2026-04-06
sub_443,c_885,Trial,0.00,upgraded,2026-02-08,2026-02-24
sub_444,c_885,Enterprise,499.00,active,2026-02-24,
sub_445,c_944,Basic,29.00,cancelled,2026-02-09,2026-02-20
sub_446,c_470,Basic,29.00,upgraded,2026-02-09,2026-03-18
sub_447,c_470,Pro,99.00,cancelled,2026-03-18,2026-04-10
sub_448,c_973,Trial,0.00,active,2026-02-09,
sub_449,c_771,Enterprise,499.00,active,2026-02-09,
sub_450,c_759,Trial,0.00,cancelled,2026-02-10,2026-03-06
sub_451,c_328,Basic,29.00,active,2026-02-10,
sub_452,c_094,Basic,29.00,upgraded,2026-02-10,2026-03-06
sub_453,c_094,Enterprise,499.00,cancelled,2026-03-06,2026-04-05
sub_454,c_191,Trial,0.00,active,2026-02-11,
sub_455,c_025,Pro,89.00,active,2026-02-11,
sub_456,c_087,Pro,89.00,upgraded,2026-02-11,2026-02-28
sub_457,c_087,Basic,29.00,cancelled,2026-02-28,2026-04-11
sub_458,c_582,Enterprise,499.00,cancelled,2026-02-11,2026-03-21
sub_459,c_426,Trial,0.00,upgraded,2026-02-11,2026-02-28
sub_460,c_426,Pro,89.00,active,2026-02-28,
sub_461,c_057,Enterprise,499.00,cancelled,2026-02-11,2026-03-06
sub_462,c_497,Enterprise,499.00,cancelled,2026-02-11,2026-03-22
sub_463,c_368,Trial,0.00,upgraded,2026-02-11,2026-02-20
sub_464,c_368,Pro,89.00,active,2026-02-20,
sub_465,c_375,Basic,29.00,active,2026-02-11,
sub_466,c_451,Pro,89.00,active,2026-02-11,
sub_467,c_855,Basic,29.00,active,2026-02-11,
sub_468,c_643,Basic,29.00,cancelled,2026-02-12,2026-03-23
sub_469,c_321,Trial,0.00,upgraded,2026-02-12,2026-02-27
sub_470,c_321,Pro,89.00,cancelled,2026-02-27,2026-03-07
sub_471,c_139,Enterprise,499.00,upgraded,2026-02-12,2026-03-15
sub_472,c_139,Pro,99.00,active,2026-03-15,
sub_473,c_297,Basic,29.00,upgraded,2026-02-12,2026-03-11
sub_474,c_297,Pro,99.00,active,2026-03-11,
sub_475,c_932,Trial,0.00,active,2026-02-12,
sub_476,c_022,Basic,29.00,active,2026-02-12,
sub_477,c_611,Trial,0.00,upgraded,2026-02-12,2026-02-22
sub_478,c_611,Basic,29.00,active,2026-02-22,
sub_479,c_338,Pro,89.00,active,2026-02-13,
sub_480,c_753,Enterprise,499.00,upgraded,2026-02-13,2026-03-22
sub_481,c_753,Basic,29.00,cancelled,2026-03-22,2026-03-28
sub_482,c_443,Basic,29.00,cancelled,2026-02-13,2026-03-24
sub_483,c_360,Enterprise,499.00,cancelled,2026-02-13,2026-02-24
sub_484,c_362,Basic,29.00,cancelled,2026-02-13,2026-03-24
sub_485,c_427,Basic,29.00,upgraded,2026-02-13,2026-02-25
sub_486,c_427,Enterprise,499.00,active,2026-02-25,
sub_487,c_111,Pro,89.00,cancelled,2026-02-14,2026-03-25
sub_488,c_710,Trial,0.00,active,2026-02-14,
sub_489,c_875,Enterprise,499.00,cancelled,2026-02-14,2026-02-23
sub_490,c_348,Trial,0.00,active,2026-02-14,
sub_491,c_238,Basic,29.00,upgraded,2026-02-14,2026-03-19
sub_492,c_238,Enterprise,499.00,active,2026-03-19,
sub_493,c_055,Trial,0.00,active,2026-02-14,
sub_494,c_150,Enterprise,499.00,upgraded,2026-02-14,2026-03-25
sub_495,c_150,Basic,29.00,active,2026-03-25,
sub_496,c_895,Trial,0.00,cancelled,2026-02-14,2026-03-29
sub_497,c_591,Basic,29.00,upgraded,2026-02-15,2026-03-22
sub_498,c_591,Pro,99.00,cancelled,2026-03-22,2026-04-25
sub_499,c_005,Enterprise,499.00,cancelled,2026-02-15,2026-02-18
sub_500,c_016,Enterprise,499.00,active,2026-02-15,
sub_501,c_267,Enterprise,499.00,cancelled,2026-02-15,2026-03-10
sub_502,c_148,Trial,0.00,cancelled,2026-02-15,2026-02-24
sub_503,c_277,Pro,89.00,cancelled,2026-02-15,2026-03-02
sub_504,c_317,Trial,0.00,cancelled,2026-02-15,2026-03-26
sub_505,c_605,Enterprise,499.00,cancelled,2026-02-15,2026-02-28
sub_506,c_937,Trial,0.00,upgraded,2026-02-15,2026-02-16
sub_507,c_937,Enterprise,499.00,active,2026-02-16,
sub_508,c_899,Trial,0.00,cancelled,2026-02-15,2026-03-29
sub_509,c_292,Basic,29.00,upgraded,2026-02-16,2026-03-09
sub_510,c_292,Enterprise,499.00,cancelled,2026-03-09,2026-03-16
sub_511,c_453,Basic,29.00,cancelled,2026-02-16,2026-03-30
sub_512,c_454,Pro,89.00,cancelled,2026-02-16,2026-03-23
sub_513,c_171,Enterprise,499.00,upgraded,2026-02-16,2026-03-12
sub_514,c_171,Pro,99.00,cancelled,2026-03-12,2026-03-26
sub_515,c_780,Enterprise,499.00,upgraded,2026-02-16,2026-03-24
sub_516,c_780,Pro,99.00,active,2026-03-24,
sub_517,c_435,Pro,89.00,upgraded,2026-02-16,2026-03-24
sub_518,c_435,Enterprise,499.00,cancelled,2026-03-24,2026-04-13
sub_519,c_745,Pro,89.00,upgraded,2026-02-16,2026-03-14
sub_520,c_745,Basic,29.00,active,2026-03-14,
sub_521,c_664,Basic,29.00,cancelled,2026-02-17,2026-04-03
sub_522,c_876,Basic,29.00,active,2026-02-17,
sub_523,c_002,Basic,29.00,upgraded,2026-02-17,2026-03-15
sub_524,c_002,Enterprise,499.00,active,2026-03-15,
sub_525,c_810,Basic,29.00,cancelled,2026-02-18,2026-03-31
sub_526,c_604,Trial,0.00,active,2026-02-18,
sub_527,c_879,Basic,29.00,cancelled,2026-02-18,2026-03-29
sub_528,c_928,Enterprise,499.00,active,2026-02-18,
sub_529,c_494,Trial,0.00,cancelled,2026-02-18,2026-03-05
sub_530,c_809,Pro,89.00,active,2026-02-18,
sub_531,c_331,Trial,0.00,upgraded,2026-02-18,2026-03-15
sub_532,c_331,Pro,99.00,cancelled,2026-03-15,2026-04-23
sub_533,c_214,Trial,0.00,active,2026-02-19,
sub_534,c_657,Enterprise,499.00,cancelled,2026-02-19,2026-02-20
sub_535,c_874,Basic,29.00,upgraded,2026-02-19,2026-03-25
sub_536,c_874,Enterprise,499.00,active,2026-03-25,
sub_537,c_164,Trial,0.00,upgraded,2026-02-20,2026-03-25
sub_538,c_164,Enterprise,499.00,active,2026-03-25,
sub_539,c_911,Basic,29.00,upgraded,2026-02-20,2026-02-23
sub_540,c_911,Enterprise,499.00,active,2026-02-23,
sub_541,c_115,Trial,0.00,active,2026-02-20,
sub_542,c_496,Trial,0.00,cancelled,2026-02-20,2026-03-18
sub_543,c_985,Pro,89.00,upgraded,2026-02-21,2026-03-19
sub_544,c_985,Enterprise,499.00,active,2026-03-19,
sub_545,c_223,Trial,0.00,upgraded,2026-02-21,2026-02-26
sub_546,c_223,Basic,29.00,cancelled,2026-02-26,2026-04-03
sub_547,c_522,Pro,89.00,cancelled,2026-02-21,2026-03-11
sub_548,c_273,Basic,29.00,upgraded,2026-02-21,2026-03-06
sub_549,c_273,Enterprise,499.00,cancelled,2026-03-06,2026-04-12
sub_550,c_960,Trial,0.00,cancelled,2026-02-21,2026-03-05
sub_551,c_334,Enterprise,499.00,upgraded,2026-02-21,2026-02-28
sub_552,c_334,Basic,29.00,cancelled,2026-02-28,2026-03-22
sub_553,c_561,Trial,0.00,upgraded,2026-02-21,2026-03-10
sub_554,c_561,Enterprise,499.00,cancelled,2026-03-10,2026-04-24
sub_555,c_231,Enterprise,499.00,cancelled,2026-02-21,2026-03-30
sub_556,c_935,Enterprise,499.00,active,2026-02-21,
sub_557,c_478,Pro,89.00,cancelled,2026-02-21,2026-04-06
sub_558,c_108,Enterprise,499.00,upgraded,2026-02-21,2026-02-23
sub_559,c_108,Pro,89.00,active,2026-02-23,
sub_560,c_251,Pro,89.00,active,2026-02-21,
sub_561,c_262,Enterprise,499.00,upgraded,2026-02-21,2026-03-08
sub_562,c_262,Basic,29.00,cancelled,2026-03-08,2026-04-04
sub_563,c_726,Pro,89.00,upgraded,2026-02-22,2026-03-29
sub_564,c_726,Basic,29.00,cancelled,2026-03-29,2026-04-14
sub_565,c_202,Pro,89.00,active,2026-02-22,
sub_566,c_880,Enterprise,499.00,upgraded,2026-02-22,2026-03-16
sub_567,c_880,Basic,29.00,active,2026-03-16,
sub_568,c_901,Enterprise,499.00,cancelled,2026-02-22,2026-03-17
sub_569,c_870,Basic,29.00,upgraded,2026-02-22,2026-03-12
sub_570,c_870,Pro,99.00,active,2026-03-12,
sub_571,c_373,Enterprise,499.00,upgraded,2026-02-22,2026-03-07
sub_572,c_373,Basic,29.00,active,2026-03-07,
sub_573,c_235,Pro,89.00,active,2026-02-22,
sub_574,c_158,Basic,29.00,active,2026-02-22,
sub_575,c_485,Basic,29.00,upgraded,2026-02-23,2026-03-18
sub_576,c_485,Pro,99.00,active,2026-03-18,
sub_577,c_147,Trial,0.00,active,2026-02-23,
sub_578,c_923,Enterprise,499.00,upgraded,2026-02-23,2026-02-24
sub_579,c_923,Basic,29.00,cancelled,2026-02-24,2026-03-20
sub_580,c_647,Pro,89.00,cancelled,2026-02-23,2026-04-01
sub_581,c_324,Pro,89.00,cancelled,2026-02-23,2026-03-07
sub_582,c_728,Pro,89.00,cancelled,2026-02-23,2026-03-10
sub_583,c_330,Basic,29.00,active,2026-02-23,
sub_584,c_166,Enterprise,499.00,cancelled,2026-02-24,2026-03-31
sub_585,c_192,Trial,0.00,upgraded,2026-02-24,2026-03-19
sub_586,c_192,Pro,99.00,active,2026-03-19,
sub_587,c_540,Enterprise,499.00,active,2026-02-24,
sub_588,c_415,Enterprise,499.00,cancelled,2026-02-24,2026-04-10
sub_589,c_132,Trial,0.00,active,2026-02-25,
sub_590,c_516,Basic,29.00,cancelled,2026-02-25,2026-04-04
sub_591,c_434,Trial,0.00,cancelled,2026-02-25,2026-03-21
sub_592,c_072,Pro,89.00,active,2026-02-25,
sub_593,c_590,Pro,89.00,active,2026-02-25,
sub_594,c_541,Pro,89.00,cancelled,2026-02-25,2026-04-06
sub_595,c_296,Pro,89.00,cancelled,2026-02-25,2026-03-09
sub_596,c_580,Enterprise,499.00,cancelled,2026-02-25,2026-03-11
sub_597,c_227,Enterprise,499.00,upgraded,2026-02-25,2026-03-21
sub_598,c_227,Pro,99.00,cancelled,2026-03-21,2026-04-08
sub_599,c_245,Enterprise,499.00,active,2026-02-25,
sub_600,c_233,Basic,29.00,upgraded,2026-02-26,2026-04-11
sub_601,c_233,Pro,99.00,active,2026-04-11,
sub_602,c_793,Pro,89.00,active,2026-02-26,
sub_603,c_644,Enterprise,499.00,cancelled,2026-02-26,2026-03-11
sub_604,c_806,Basic,29.00,upgraded,2026-02-26,2026-03-08
sub_605,c_806,Enterprise,499.00,active,2026-03-08,
sub_606,c_380,Basic,29.00,cancelled,2026-02-26,2026-03-30
sub_607,c_387,Basic,29.00,upgraded,2026-02-26,2026-04-01
sub_608,c_387,Enterprise,499.00,cancelled,2026-04-01,2026-04-21
sub_609,c_524,Pro,89.00,upgraded,2026-02-26,2026-04-04
sub_610,c_524,Basic,29.00,cancelled,2026-04-04,2026-04-11
sub_611,c_502,Basic,29.00,active,2026-02-26,
sub_612,c_458,Basic,29.00,cancelled,2026-02-26,2026-03-29
sub_613,c_723,Trial,0.00,cancelled,2026-02-26,2026-03-20
sub_614,c_281,Pro,89.00,cancelled,2026-02-26,2026-03-22
sub_615,c_978,Pro,89.00,cancelled,2026-02-27,2026-03-01
sub_616,c_713,Enterprise,499.00,active,2026-02-27,
sub_617,c_848,Pro,89.00,upgraded,2026-02-27,2026-04-07
sub_618,c_848,Basic,29.00,active,2026-04-07,
sub_619,c_428,Pro,89.00,cancelled,2026-02-27,2026-03-20
sub_620,c_207,Enterprise,499.00,upgraded,2026-02-27,2026-03-28
sub_621,c_207,Basic,29.00,cancelled,2026-03-28,2026-05-07
sub_622,c_074,Pro,89.00,cancelled,2026-02-27,2026-04-09
sub_623,c_975,Basic,29.00,active,2026-02-27,
sub_624,c_635,Pro,89.00,cancelled,2026-02-27,2026-04-09
sub_625,c_594,Enterprise,499.00,active,2026-02-27,
sub_626,c_574,Trial,0.00,active,2026-02-27,
sub_627,c_091,Pro,89.00,active,2026-02-28,
sub_628,c_558,Pro,89.00,cancelled,2026-02-28,2026-04-11
sub_629,c_652,Pro,89.00,upgraded,2026-02-28,2026-03-18
sub_630,c_652,Enterprise,499.00,cancelled,2026-03-18,2026-04-16
sub_631,c_692,Pro,89.00,upgraded,2026-02-28,2026-04-07
sub_632,c_692,Enterprise,499.00,cancelled,2026-04-07,2026-04-18
sub_633,c_379,Basic,29.00,active,2026-02-28,
sub_634,c_339,Basic,29.00,upgraded,2026-02-28,2026-03-16
sub_635,c_339,Enterprise,499.00,active,2026-03-16,
sub_636,c_606,Basic,29.00,active,2026-02-28,
sub_637,c_208,Enterprise,499.00,active,2026-02-28,
sub_638,c_514,Trial,0.00,active,2026-03-01,
sub_639,c_316,Enterprise,499.00,upgraded,2026-03-01,2026-03-05
sub_640,c_316,Basic,29.00,cancelled,2026-03-05,2026-04-08
sub_641,c_732,Trial,0.00,active,2026-03-01,
sub_642,c_482,Pro,99.00,upgraded,2026-03-01,2026-03-11
sub_643,c_482,Basic,29.00,cancelled,2026-03-11,2026-03-31
sub_644,c_560,Basic,29.00,active,2026-03-01,
sub_645,c_859,Pro,99.00,cancelled,2026-03-02,2026-04-12
sub_646,c_404,Basic,29.00,active,2026-03-02,
sub_647,c_254,Basic,29.00,active,2026-03-02,
sub_648,c_358,Trial,0.00,upgraded,2026-03-02,2026-03-25
sub_649,c_358,Pro,99.00,cancelled,2026-03-25,2026-04-24
sub_650,c_350,Pro,99.00,upgraded,2026-03-02,2026-03-31
sub_651,c_350,Basic,29.00,active,2026-03-31,
sub_652,c_843,Enterprise,499.00,upgraded,2026-03-03,2026-04-13
sub_653,c_843,Pro,99.00,cancelled,2026-04-13,2026-05-06
sub_654,c_786,Enterprise,499.00,upgraded,2026-03-03,2026-03-18
sub_655,c_786,Basic,29.00,cancelled,2026-03-18,2026-04-07
sub_656,c_471,Pro,99.00,cancelled,2026-03-03,2026-03-20
sub_657,c_716,Basic,29.00,cancelled,2026-03-03,2026-03-04
sub_658,c_576,Trial,0.00,upgraded,2026-03-03,2026-03-12
sub_659,c_576,Pro,99.00,cancelled,2026-03-12,2026-04-12
sub_660,c_555,Trial,0.00,upgraded,2026-03-03,2026-04-04
sub_661,c_555,Pro,99.00,cancelled,2026-04-04,2026-04-05
sub_662,c_967,Enterprise,499.00,cancelled,2026-03-03,2026-04-11
sub_663,c_645,Basic,29.00,active,2026-03-03,
sub_664,c_761,Pro,99.00,active,2026-03-03,
sub_665,c_958,Enterprise,499.00,upgraded,2026-03-04,2026-04-01
sub_666,c_958,Pro,99.00,active,2026-04-01,
sub_667,c_949,Basic,29.00,upgraded,2026-03-04,2026-04-15
sub_668,c_949,Enterprise,499.00,cancelled,2026-04-15,2026-04-30
sub_669,c_247,Pro,99.00,active,2026-03-04,
sub_670,c_945,Enterprise,499.00,upgraded,2026-03-04,2026-03-20
sub_671,c_945,Pro,99.00,cancelled,2026-03-20,2026-05-01
sub_672,c_388,Pro,99.00,cancelled,2026-03-05,2026-03-18
sub_673,c_739,Trial,0.00,active,2026-03-05,
sub_674,c_124,Basic,29.00,cancelled,2026-03-05,2026-03-13
sub_675,c_535,Enterprise,499.00,upgraded,2026-03-05,2026-04-03
sub_676,c_535,Pro,99.00,cancelled,2026-04-03,2026-04-16
sub_677,c_602,Pro,99.00,active,2026-03-05,
sub_678,c_597,Basic,29.00,active,2026-03-06,
sub_679,c_201,Trial,0.00,active,2026-03-06,
sub_680,c_957,Trial,0.00,cancelled,2026-03-06,2026-03-24
sub_681,c_559,Basic,29.00,upgraded,2026-03-06,2026-04-04
sub_682,c_559,Pro,99.00,active,2026-04-04,
sub_683,c_662,Trial,0.00,active,2026-03-06,
sub_684,c_243,Trial,0.00,cancelled,2026-03-06,2026-03-20
sub_685,c_734,Pro,99.00,cancelled,2026-03-06,2026-03-26
sub_686,c_819,Enterprise,499.00,cancelled,2026-03-07,2026-04-06
sub_687,c_970,Trial,0.00,cancelled,2026-03-07,2026-03-13
sub_688,c_365,Basic,29.00,active,2026-03-07,
sub_689,c_528,Pro,99.00,cancelled,2026-03-08,2026-03-13
sub_690,c_369,Enterprise,499.00,active,2026-03-08,
sub_691,c_968,Basic,29.00,cancelled,2026-03-08,2026-04-02
sub_692,c_820,Trial,0.00,active,2026-03-08,
sub_693,c_200,Basic,29.00,cancelled,2026-03-08,2026-04-06
sub_694,c_011,Basic,29.00,upgraded,2026-03-08,2026-03-11
sub_695,c_011,Pro,99.00,cancelled,2026-03-11,2026-03-18
sub_696,c_511,Basic,29.00,cancelled,2026-03-08,2026-04-02
sub_697,c_464,Pro,99.00,cancelled,2026-03-08,2026-03-19
sub_698,c_289,Trial,0.00,upgraded,2026-03-09,2026-04-14
sub_699,c_289,Enterprise,499.00,active,2026-04-14,
sub_700,c_117,Pro,99.00,cancelled,2026-03-09,2026-04-19
sub_701,c_890,Pro,99.00,active,2026-03-09,
sub_702,c_867,Pro,99.00,active,2026-03-09,
sub_703,c_179,Basic,29.00,active,2026-03-09,
sub_704,c_777,Basic,29.00,upgraded,2026-03-09,2026-04-06
sub_705,c_777,Enterprise,499.00,active,2026-04-06,
sub_706,c_758,Basic,29.00,cancelled,2026-03-09,2026-04-16
sub_707,c_961,Trial,0.00,cancelled,2026-03-10,2026-03-26
sub_708,c_964,Trial,0.00,active,2026-03-10,
sub_709,c_466,Enterprise,499.00,upgraded,2026-03-10,2026-04-18
sub_710,c_466,Basic,29.00,cancelled,2026-04-18,2026-04-24
sub_711,c_459,Basic,29.00,active,2026-03-10,
sub_712,c_018,Enterprise,499.00,active,2026-03-10,
sub_713,c_103,Pro,99.00,upgraded,2026-03-11,2026-03-15
sub_714,c_103,Basic,29.00,cancelled,2026-03-15,2026-04-26
sub_715,c_787,Basic,29.00,upgraded,2026-03-11,2026-04-15
sub_716,c_787,Pro,99.00,active,2026-04-15,
sub_717,c_749,Enterprise,499.00,active,2026-03-11,
sub_718,c_667,Pro,99.00,upgraded,2026-03-11,2026-04-22
sub_719,c_667,Enterprise,499.00,cancelled,2026-04-22,2026-05-05
sub_720,c_977,Trial,0.00,upgraded,2026-03-12,2026-04-06
sub_721,c_977,Pro,99.00,active,2026-04-06,
sub_722,c_505,Pro,99.00,active,2026-03-12,
sub_723,c_851,Enterprise,499.00,upgraded,2026-03-12,2026-04-10
sub_724,c_851,Pro,99.00,cancelled,2026-04-10,2026-04-23
sub_725,c_503,Basic,29.00,upgraded,2026-03-12,2026-04-04
sub_726,c_503,Enterprise,499.00,cancelled,2026-04-04,2026-04-22
sub_727,c_014,Basic,29.00,active,2026-03-12,
sub_728,c_489,Basic,29.00,cancelled,2026-03-12,2026-03-31
sub_729,c_322,Pro,99.00,upgraded,2026-03-12,2026-04-05
sub_730,c_322,Enterprise,499.00,active,2026-04-05,
sub_731,c_486,Enterprise,499.00,upgraded,2026-03-12,2026-03-24
sub_732,c_486,Basic,29.00,cancelled,2026-03-24,2026-05-03
sub_733,c_433,Basic,29.00,cancelled,2026-03-12,2026-03-17
sub_734,c_947,Enterprise,499.00,active,2026-03-12,
sub_735,c_740,Enterprise,499.00,upgraded,2026-03-12,2026-03-22
sub_736,c_740,Pro,99.00,cancelled,2026-03-22,2026-04-18
sub_737,c_773,Pro,99.00,active,2026-03-13,
sub_738,c_303,Trial,0.00,upgraded,2026-03-13,2026-04-25
sub_739,c_303,Basic,29.00,active,2026-04-25,
sub_740,c_796,Basic,29.00,active,2026-03-13,
sub_741,c_361,Trial,0.00,active,2026-03-13,
sub_742,c_835,Trial,0.00,cancelled,2026-03-13,2026-03-26
sub_743,c_436,Trial,0.00,active,2026-03-13,
sub_744,c_475,Enterprise,499.00,upgraded,2026-03-13,2026-04-14
sub_745,c_475,Pro,99.00,active,2026-04-14,
sub_746,c_199,Pro,99.00,active,2026-03-13,
sub_747,c_101,Trial,0.00,active,2026-03-13,
sub_748,c_669,Basic,29.00,upgraded,2026-03-13,2026-04-14
sub_749,c_669,Pro,99.00,cancelled,2026-04-14,2026-05-25
sub_750,c_491,Trial,0.00,cancelled,2026-03-14,2026-04-19
sub_751,c_318,Enterprise,499.00,cancelled,2026-03-14,2026-03-18
sub_752,c_826,Pro,99.00,upgraded,2026-03-14,2026-03-17
sub_753,c_826,Basic,29.00,cancelled,2026-03-17,2026-03-22
sub_754,c_549,Basic,29.00,upgraded,2026-03-14,2026-03-21
sub_755,c_549,Pro,99.00,active,2026-03-21,
sub_756,c_683,Enterprise,499.00,active,2026-03-14,
sub_757,c_781,Basic,29.00,upgraded,2026-03-14,2026-04-26
sub_758,c_781,Pro,99.00,active,2026-04-26,
sub_759,c_613,Enterprise,499.00,upgraded,2026-03-14,2026-03-21
sub_760,c_613,Pro,99.00,cancelled,2026-03-21,2026-05-05
sub_761,c_445,Enterprise,499.00,active,2026-03-14,
sub_762,c_351,Basic,29.00,active,2026-03-14,
sub_763,c_630,Enterprise,499.00,upgraded,2026-03-14,2026-04-05
sub_764,c_630,Basic,29.00,cancelled,2026-04-05,2026-04-28
sub_765,c_446,Pro,99.00,upgraded,2026-03-14,2026-04-04
sub_766,c_446,Enterprise,499.00,cancelled,2026-04-04,2026-05-15
sub_767,c_812,Enterprise,499.00,upgraded,2026-03-14,2026-04-04
sub_768,c_812,Basic,29.00,active,2026-04-04,
sub_769,c_631,Enterprise,499.00,upgraded,2026-03-14,2026-03-31
sub_770,c_631,Pro,99.00,cancelled,2026-03-31,2026-04-29
sub_771,c_423,Enterprise,499.00,active,2026-03-15,
sub_772,c_660,Trial,0.00,cancelled,2026-03-15,2026-04-23
sub_773,c_021,Trial,0.00,upgraded,2026-03-15,2026-03-24
sub_774,c_021,Pro,99.00,active,2026-03-24,
sub_775,c_275,Pro,99.00,active,2026-03-15,
sub_776,c_382,Basic,29.00,cancelled,2026-03-15,2026-03-17
sub_777,c_983,Pro,99.00,upgraded,2026-03-16,2026-04-18
sub_778,c_983,Basic,29.00,active,2026-04-18,
sub_779,c_437,Trial,0.00,cancelled,2026-03-16,2026-04-08
sub_780,c_109,Basic,29.00,active,2026-03-16,
sub_781,c_877,Pro,99.00,cancelled,2026-03-16,2026-04-23
sub_782,c_534,Basic,29.00,active,2026-03-16,
sub_783,c_032,Pro,99.00,cancelled,2026-03-16,2026-03-22
sub_784,c_849,Enterprise,499.00,upgraded,2026-03-16,2026-03-30
sub_785,c_849,Basic,29.00,cancelled,2026-03-30,2026-04-30
sub_786,c_269,Basic,29.00,cancelled,2026-03-16,2026-04-30
sub_787,c_476,Trial,0.00,upgraded,2026-03-17,2026-04-28
sub_788,c_476,Pro,99.00,active,2026-04-28,
sub_789,c_989,Enterprise,499.00,active,2026-03-17,
sub_790,c_936,Trial,0.00,cancelled,2026-03-17,2026-04-09
sub_791,c_770,Enterprise,499.00,cancelled,2026-03-17,2026-03-25
sub_792,c_159,Basic,29.00,upgraded,2026-03-17,2026-04-28
sub_793,c_159,Pro,99.00,cancelled,2026-04-28,2026-05-02
sub_794,c_154,Pro,99.00,upgraded,2026-03-17,2026-03-20
sub_795,c_154,Enterprise,499.00,active,2026-03-20,
sub_796,c_754,Pro,99.00,upgraded,2026-03-17,2026-05-01
sub_797,c_754,Basic,29.00,active,2026-05-01,
sub_798,c_976,Trial,0.00,upgraded,2026-03-18,2026-04-13
sub_799,c_976,Pro,99.00,active,2026-04-13,
sub_800,c_900,Basic,29.00,cancelled,2026-03-18,2026-04-06
sub_801,c_378,Enterprise,499.00,active,2026-03-18,
sub_802,c_768,Basic,29.00,cancelled,2026-03-18,2026-03-24
sub_803,c_084,Enterprise,499.00,upgraded,2026-03-18,2026-03-22
sub_804,c_084,Pro,99.00,cancelled,2026-03-22,2026-03-28
sub_805,c_690,Enterprise,499.00,upgraded,2026-03-19,2026-04-16
sub_806,c_690,Basic,29.00,active,2026-04-16,
sub_807,c_981,Enterprise,499.00,upgraded,2026-03-19,2026-04-01
sub_808,c_981,Pro,99.00,cancelled,2026-04-01,2026-05-13
sub_809,c_817,Basic,29.00,upgraded,2026-03-19,2026-04-28
sub_810,c_817,Pro,99.00,active,2026-04-28,
sub_811,c_493,Trial,0.00,cancelled,2026-03-19,2026-04-16
sub_812,c_507,Pro,99.00,upgraded,2026-03-19,2026-04-25
sub_813,c_507,Basic,29.00,active,2026-04-25,
sub_814,c_112,Enterprise,499.00,cancelled,2026-03-19,2026-04-12
sub_815,c_349,Pro,99.00,active,2026-03-19,
sub_816,c_050,Pro,99.00,cancelled,2026-03-19,2026-04-27
sub_817,c_114,Trial,0.00,cancelled,2026-03-19,2026-03-30
sub_818,c_391,Pro,99.00,upgraded,2026-03-19,2026-04-17
sub_819,c_391,Basic,29.00,cancelled,2026-04-17,2026-04-20
sub_820,c_544,Basic,29.00,active,2026-03-19,
sub_821,c_915,Pro,99.00,active,2026-03-19,
sub_822,c_215,Trial,0.00,active,2026-03-19,
sub_823,c_070,Trial,0.00,active,2026-03-19,
sub_824,c_642,Basic,29.00,cancelled,2026-03-20,2026-03-21
sub_825,c_813,Pro,99.00,upgraded,2026-03-20,2026-03-28
sub_826,c_813,Enterprise,499.00,cancelled,2026-03-28,2026-04-28
sub_827,c_105,Trial,0.00,cancelled,2026-03-20,2026-04-03
sub_828,c_069,Basic,29.00,active,2026-03-20,
sub_829,c_904,Pro,99.00,upgraded,2026-03-20,2026-04-20
sub_830,c_904,Basic,29.00,active,2026-04-20,
sub_831,c_059,Enterprise,499.00,upgraded,2026-03-21,2026-05-03
sub_832,c_059,Basic,29.00,cancelled,2026-05-03,2026-05-14
sub_833,c_152,Trial,0.00,cancelled,2026-03-21,2026-04-03
sub_834,c_320,Pro,99.00,active,2026-03-21,
sub_835,c_225,Enterprise,499.00,upgraded,2026-03-21,2026-03-22
sub_836,c_225,Basic,29.00,cancelled,2026-03-22,2026-05-04
sub_837,c_744,Pro,99.00,upgraded,2026-03-21,2026-05-03
sub_838,c_744,Enterprise,499.00,active,2026-05-03,
sub_839,c_272,Trial,0.00,cancelled,2026-03-21,2026-05-02
sub_840,c_889,Enterprise,499.00,active,2026-03-21,
sub_841,c_356,Enterprise,499.00,upgraded,2026-03-21,2026-03-28
sub_842,c_356,Pro,99.00,cancelled,2026-03-28,2026-05-06
sub_843,c_061,Trial,0.00,active,2026-03-21,
sub_844,c_566,Basic,29.00,upgraded,2026-03-22,2026-04-21
sub_845,c_566,Pro,99.00,active,2026-04-21,
sub_846,c_319,Basic,29.00,upgraded,2026-03-22,2026-04-11
sub_847,c_319,Enterprise,499.00,cancelled,2026-04-11,2026-05-07
sub_848,c_444,Basic,29.00,active,2026-03-22,
sub_849,c_527,Pro,99.00,upgraded,2026-03-22,2026-04-14
sub_850,c_527,Enterprise,499.00,cancelled,2026-04-14,2026-04-30
sub_851,c_790,Pro,99.00,active,2026-03-22,
sub_852,c_153,Pro,99.00,cancelled,2026-03-22,2026-03-24
sub_853,c_782,Pro,99.00,active,2026-03-23,
sub_854,c_893,Basic,29.00,cancelled,2026-03-23,2026-04-18
sub_855,c_783,Basic,29.00,active,2026-03-24,
sub_856,c_636,Enterprise,499.00,upgraded,2026-03-24,2026-05-07
sub_857,c_636,Basic,29.00,cancelled,2026-05-07,2026-05-23
sub_858,c_766,Basic,29.00,cancelled,2026-03-24,2026-04-13
sub_859,c_823,Pro,99.00,cancelled,2026-03-25,2026-04-29
sub_860,c_028,Basic,29.00,active,2026-03-25,
sub_861,c_221,Basic,29.00,upgraded,2026-03-25,2026-04-29
sub_862,c_221,Pro,99.00,active,2026-04-29,
sub_863,c_828,Pro,99.00,upgraded,2026-03-25,2026-04-28
sub_864,c_828,Basic,29.00,cancelled,2026-04-28,2026-05-08
sub_865,c_386,Basic,29.00,cancelled,2026-03-25,2026-03-30
sub_866,c_129,Trial,0.00,active,2026-03-25,
sub_867,c_971,Pro,99.00,active,2026-03-25,
sub_868,c_711,Trial,0.00,cancelled,2026-03-25,2026-04-21
sub_869,c_353,Enterprise,499.00,cancelled,2026-03-25,2026-04-23
sub_870,c_696,Pro,99.00,active,2026-03-26,
sub_871,c_278,Basic,29.00,active,2026-03-26,
sub_872,c_183,Basic,29.00,active,2026-03-26,
sub_873,c_743,Trial,0.00,upgraded,2026-03-27,2026-05-06
sub_874,c_743,Pro,99.00,active,2026-05-06,
sub_875,c_800,Basic,29.00,active,2026-03-27,
sub_876,c_838,Trial,0.00,cancelled,2026-03-27,2026-04-02
sub_877,c_213,Enterprise,499.00,active,2026-03-27,
sub_878,c_565,Enterprise,499.00,upgraded,2026-03-27,2026-05-08
sub_879,c_565,Pro,99.00,active,2026-05-08,
sub_880,c_619,Enterprise,499.00,cancelled,2026-03-27,2026-04-27
sub_881,c_130,Basic,29.00,active,2026-03-27,
sub_882,c_402,Basic,29.00,active,2026-03-27,
sub_883,c_279,Trial,0.00,cancelled,2026-03-28,2026-03-29
sub_884,c_621,Pro,99.00,cancelled,2026-03-28,2026-04-12
sub_885,c_641,Basic,29.00,active,2026-03-28,
sub_886,c_747,Trial,0.00,active,2026-03-29,
sub_887,c_799,Enterprise,499.00,upgraded,2026-03-29,2026-04-30
sub_888,c_799,Pro,99.00,cancelled,2026-04-30,2026-05-16
sub_889,c_658,Enterprise,499.00,cancelled,2026-03-29,2026-04-01
sub_890,c_510,Enterprise,499.00,upgraded,2026-03-29,2026-04-19
sub_891,c_510,Pro,99.00,active,2026-04-19,
sub_892,c_220,Trial,0.00,cancelled,2026-03-29,2026-04-28
sub_893,c_051,Trial,0.00,active,2026-03-29,
sub_894,c_499,Enterprise,499.00,upgraded,2026-03-29,2026-04-01
sub_895,c_499,Pro,99.00,active,2026-04-01,
sub_896,c_912,Basic,29.00,cancelled,2026-03-29,2026-04-27
sub_897,c_017,Enterprise,499.00,cancelled,2026-03-30,2026-04-18
sub_898,c_037,Enterprise,499.00,active,2026-03-30,
sub_899,c_595,Enterprise,499.00,cancelled,2026-03-30,2026-05-09
sub_900,c_814,Trial,0.00,upgraded,2026-03-30,2026-05-03
sub_901,c_814,Basic,29.00,cancelled,2026-05-03,2026-05-31
sub_902,c_165,Enterprise,499.00,active,2026-03-30,
sub_903,c_309,Trial,0.00,active,2026-03-30,
sub_904,c_246,Basic,29.00,cancelled,2026-03-30,2026-04-26
sub_905,c_455,Pro,99.00,cancelled,2026-03-30,2026-04-01
sub_906,c_085,Basic,29.00,cancelled,2026-03-30,2026-05-07
sub_907,c_999,Basic,29.00,cancelled,2026-03-30,2026-04-05
sub_908,c_086,Pro,99.00,cancelled,2026-03-30,2026-05-14
sub_909,c_896,Basic,29.00,upgraded,2026-03-31,2026-04-08
sub_910,c_896,Pro,99.00,active,2026-04-08,
sub_911,c_691,Enterprise,499.00,upgraded,2026-03-31,2026-04-24
sub_912,c_691,Basic,29.00,cancelled,2026-04-24,2026-05-27
sub_913,c_571,Basic,29.00,cancelled,2026-03-31,2026-05-06
sub_914,c_385,Enterprise,499.00,active,2026-03-31,
sub_915,c_637,Basic,29.00,cancelled,2026-03-31,2026-05-07
sub_916,c_066,Basic,29.00,active,2026-03-31,
sub_917,c_906,Basic,29.00,active,2026-03-31,
sub_918,c_140,Trial,0.00,cancelled,2026-04-01,2026-04-21
sub_919,c_883,Pro,99.00,upgraded,2026-04-01,2026-04-30
sub_920,c_883,Enterprise,499.00,active,2026-04-30,
sub_921,c_608,Trial,0.00,active,2026-04-01,
sub_922,c_666,Basic,29.00,active,2026-04-01,
sub_923,c_596,Pro,99.00,active,2026-04-01,
sub_924,c_226,Enterprise,499.00,cancelled,2026-04-02,2026-05-04
sub_925,c_167,Trial,0.00,upgraded,2026-04-02,2026-05-04
sub_926,c_167,Basic,29.00,active,2026-05-04,
sub_927,c_614,Enterprise,499.00,cancelled,2026-04-02,2026-04-29
sub_928,c_933,Enterprise,499.00,active,2026-04-02,
sub_929,c_258,Trial,0.00,active,2026-04-02,
sub_930,c_653,Pro,99.00,upgraded,2026-04-02,2026-05-13
sub_931,c_653,Basic,29.00,active,2026-05-13,
sub_932,c_553,Basic,29.00,active,2026-04-02,
sub_933,c_135,Trial,0.00,upgraded,2026-04-03,2026-04-26
sub_934,c_135,Basic,29.00,active,2026-04-26,
sub_935,c_410,Trial,0.00,upgraded,2026-04-03,2026-05-10
sub_936,c_410,Enterprise,499.00,cancelled,2026-05-10,2026-05-31
sub_937,c_336,Trial,0.00,active,2026-04-03,
sub_938,c_155,Trial,0.00,cancelled,2026-04-03,2026-04-15
sub_939,c_589,Basic,29.00,upgraded,2026-04-03,2026-04-22
sub_940,c_589,Pro,99.00,cancelled,2026-04-22,2026-05-30
sub_941,c_833,Pro,99.00,active,2026-04-03,
sub_942,c_943,Trial,0.00,cancelled,2026-04-03,2026-04-24
sub_943,c_929,Pro,99.00,cancelled,2026-04-04,2026-04-09
sub_944,c_304,Enterprise,499.00,upgraded,2026-04-04,2026-04-09
sub_945,c_304,Pro,99.00,cancelled,2026-04-09,2026-04-18
sub_946,c_756,Trial,0.00,upgraded,2026-04-04,2026-04-22
sub_947,c_756,Pro,99.00,cancelled,2026-04-22,2026-05-26
sub_948,c_684,Basic,29.00,upgraded,2026-04-04,2026-04-18
sub_949,c_684,Pro,99.00,active,2026-04-18,
sub_950,c_374,Trial,0.00,cancelled,2026-04-05,2026-05-20
sub_951,c_377,Pro,99.00,cancelled,2026-04-05,2026-05-14
sub_952,c_785,Pro,99.00,cancelled,2026-04-06,2026-05-10
sub_953,c_181,Pro,99.00,active,2026-04-06,
sub_954,c_940,Enterprise,499.00,upgraded,2026-04-06,2026-05-17
sub_955,c_940,Pro,99.00,cancelled,2026-05-17,2026-05-29
sub_956,c_190,Basic,29.00,upgraded,2026-04-06,2026-04-25
sub_957,c_190,Pro,99.00,active,2026-04-25,
sub_958,c_137,Trial,0.00,active,2026-04-06,
sub_959,c_818,Enterprise,499.00,upgraded,2026-04-07,2026-04-15
sub_960,c_818,Basic,29.00,cancelled,2026-04-15,2026-05-12
sub_961,c_921,Trial,0.00,cancelled,2026-04-07,2026-04-30
sub_962,c_537,Basic,29.00,active,2026-04-07,
sub_963,c_381,Basic,29.00,upgraded,2026-04-07,2026-04-26
sub_964,c_381,Enterprise,499.00,active,2026-04-26,
sub_965,c_285,Pro,99.00,cancelled,2026-04-07,2026-05-10
sub_966,c_536,Pro,99.00,active,2026-04-07,
sub_967,c_925,Trial,0.00,upgraded,2026-04-07,2026-04-29
sub_968,c_925,Pro,99.00,cancelled,2026-04-29,2026-05-31
sub_969,c_495,Trial,0.00,active,2026-04-07,
sub_970,c_038,Basic,29.00,cancelled,2026-04-08,2026-04-30
sub_971,c_992,Enterprise,499.00,cancelled,2026-04-08,2026-04-11
sub_972,c_930,Basic,29.00,cancelled,2026-04-08,2026-04-18
sub_973,c_077,Enterprise,499.00,upgraded,2026-04-08,2026-04-30
sub_974,c_077,Pro,99.00,cancelled,2026-04-30,2026-05-04
sub_975,c_412,Pro,99.00,upgraded,2026-04-08,2026-05-22
sub_976,c_412,Enterprise,499.00,active,2026-05-22,
sub_977,c_095,Basic,29.00,upgraded,2026-04-09,2026-05-23
sub_978,c_095,Enterprise,499.00,cancelled,2026-05-23,2026-05-28
sub_979,c_897,Basic,29.00,cancelled,2026-04-09,2026-04-11
sub_980,c_538,Pro,99.00,cancelled,2026-04-09,2026-05-20
sub_981,c_617,Basic,29.00,upgraded,2026-04-09,2026-05-18
sub_982,c_617,Enterprise,499.00,active,2026-05-18,
sub_983,c_856,Trial,0.00,cancelled,2026-04-09,2026-04-30
sub_984,c_407,Trial,0.00,cancelled,2026-04-09,2026-05-06
sub_985,c_123,Trial,0.00,cancelled,2026-04-09,2026-04-25
sub_986,c_557,Pro,99.00,cancelled,2026-04-09,2026-04-29
sub_987,c_359,Basic,29.00,upgraded,2026-04-09,2026-04-29
sub_988,c_359,Pro,99.00,active,2026-04-29,
sub_989,c_260,Pro,99.00,active,2026-04-09,
sub_990,c_257,Basic,29.00,active,2026-04-09,
sub_991,c_551,Enterprise,499.00,upgraded,2026-04-09,2026-04-11
sub_992,c_551,Pro,99.00,active,2026-04-11,
sub_993,c_872,Basic,29.00,cancelled,2026-04-10,2026-05-11
sub_994,c_118,Pro,99.00,cancelled,2026-04-10,2026-04-20
sub_995,c_622,Trial,0.00,upgraded,2026-04-10,2026-05-24
sub_996,c_622,Basic,29.00,active,2026-05-24,
sub_997,c_442,Trial,0.00,cancelled,2026-04-10,2026-05-05
sub_998,c_910,Trial,0.00,active,2026-04-10,
sub_999,c_554,Pro,99.00,active,2026-04-11,
sub_1000,c_882,Trial,0.00,cancelled,2026-04-11,2026-05-11
sub_1001,c_193,Trial,0.00,active,2026-04-11,
sub_1002,c_240,Pro,99.00,active,2026-04-11,
sub_1003,c_414,Pro,99.00,upgraded,2026-04-12,2026-04-26
sub_1004,c_414,Enterprise,499.00,active,2026-04-26,
sub_1005,c_570,Basic,29.00,cancelled,2026-04-13,2026-05-01
sub_1006,c_335,Pro,99.00,cancelled,2026-04-13,2026-05-26
sub_1007,c_775,Trial,0.00,cancelled,2026-04-13,2026-04-23
sub_1008,c_452,Basic,29.00,cancelled,2026-04-13,2026-04-21
sub_1009,c_697,Trial,0.00,upgraded,2026-04-13,2026-05-19
sub_1010,c_697,Enterprise,499.00,active,2026-05-19,
sub_1011,c_033,Basic,29.00,upgraded,2026-04-13,2026-05-06
sub_1012,c_033,Enterprise,499.00,cancelled,2026-05-06,2026-05-16
sub_1013,c_686,Pro,99.00,upgraded,2026-04-13,2026-04-29
sub_1014,c_686,Basic,29.00,active,2026-04-29,
sub_1015,c_656,Pro,99.00,upgraded,2026-04-13,2026-05-05
sub_1016,c_656,Enterprise,499.00,active,2026-05-05,
sub_1017,c_345,Basic,29.00,active,2026-04-14,
sub_1018,c_394,Enterprise,499.00,upgraded,2026-04-14,2026-04-18
sub_1019,c_394,Basic,29.00,cancelled,2026-04-18,2026-04-22
sub_1020,c_685,Trial,0.00,cancelled,2026-04-14,2026-05-10
sub_1021,c_020,Basic,29.00,upgraded,2026-04-14,2026-05-23
sub_1022,c_020,Enterprise,499.00,cancelled,2026-05-23,2026-05-31
sub_1023,c_748,Pro,99.00,active,2026-04-14,
sub_1024,c_012,Trial,0.00,cancelled,2026-04-15,2026-05-22
sub_1025,c_633,Basic,29.00,active,2026-04-15,
sub_1026,c_264,Enterprise,499.00,active,2026-04-15,
sub_1027,c_149,Enterprise,499.00,cancelled,2026-04-15,2026-05-29
sub_1028,c_276,Enterprise,499.00,cancelled,2026-04-16,2026-05-01
sub_1029,c_627,Basic,29.00,active,2026-04-16,
sub_1030,c_472,Pro,99.00,cancelled,2026-04-16,2026-05-12
sub_1031,c_323,Basic,29.00,upgraded,2026-04-16,2026-05-29
sub_1032,c_323,Enterprise,499.00,cancelled,2026-05-29,2026-05-31
sub_1033,c_230,Enterprise,499.00,active,2026-04-16,
sub_1034,c_480,Trial,0.00,cancelled,2026-04-16,2026-04-24
sub_1035,c_797,Pro,99.00,cancelled,2026-04-17,2026-05-17
sub_1036,c_047,Basic,29.00,cancelled,2026-04-17,2026-05-10
sub_1037,c_067,Basic,29.00,upgraded,2026-04-17,2026-04-24
sub_1038,c_067,Enterprise,499.00,active,2026-04-24,
sub_1039,c_765,Pro,99.00,upgraded,2026-04-18,2026-05-30
sub_1040,c_765,Basic,29.00,cancelled,2026-05-30,2026-05-31
sub_1041,c_265,Enterprise,499.00,cancelled,2026-04-18,2026-05-26
sub_1042,c_013,Enterprise,499.00,active,2026-04-18,
sub_1043,c_998,Basic,29.00,upgraded,2026-04-18,2026-04-29
sub_1044,c_998,Enterprise,499.00,cancelled,2026-04-29,2026-05-04
sub_1045,c_665,Pro,99.00,active,2026-04-18,
sub_1046,c_694,Enterprise,499.00,cancelled,2026-04-18,2026-05-25
sub_1047,c_878,Pro,99.00,upgraded,2026-04-18,2026-05-31
sub_1048,c_878,Basic,29.00,active,2026-05-31,
sub_1049,c_210,Trial,0.00,upgraded,2026-04-18,2026-05-25
sub_1050,c_210,Pro,99.00,active,2026-05-25,
sub_1051,c_053,Enterprise,499.00,cancelled,2026-04-18,2026-05-24
sub_1052,c_408,Trial,0.00,cancelled,2026-04-18,2026-04-30
sub_1053,c_125,Pro,99.00,cancelled,2026-04-18,2026-04-23
sub_1054,c_649,Trial,0.00,upgraded,2026-04-18,2026-05-27
sub_1055,c_649,Pro,99.00,cancelled,2026-05-27,2026-05-31
sub_1056,c_720,Trial,0.00,active,2026-04-19,
sub_1057,c_307,Basic,29.00,active,2026-04-19,
sub_1058,c_569,Trial,0.00,active,2026-04-19,
sub_1059,c_099,Basic,29.00,cancelled,2026-04-19,2026-05-24
sub_1060,c_355,Pro,99.00,cancelled,2026-04-20,2026-05-30
sub_1061,c_583,Enterprise,499.00,active,2026-04-20,
sub_1062,c_655,Basic,29.00,upgraded,2026-04-20,2026-05-11
sub_1063,c_655,Enterprise,499.00,cancelled,2026-05-11,2026-05-31
sub_1064,c_670,Pro,99.00,active,2026-04-20,
sub_1065,c_217,Trial,0.00,upgraded,2026-04-20,2026-05-23
sub_1066,c_217,Pro,99.00,active,2026-05-23,
sub_1067,c_172,Pro,99.00,active,2026-04-20,
sub_1068,c_162,Pro,99.00,upgraded,2026-04-20,2026-04-24
sub_1069,c_162,Basic,29.00,cancelled,2026-04-24,2026-05-02
sub_1070,c_082,Pro,99.00,active,2026-04-20,
sub_1071,c_283,Basic,29.00,cancelled,2026-04-20,2026-05-31
sub_1072,c_295,Enterprise,499.00,upgraded,2026-04-20,2026-05-11
sub_1073,c_295,Pro,99.00,cancelled,2026-05-11,2026-05-31
sub_1074,c_873,Enterprise,499.00,upgraded,2026-04-21,2026-05-05
sub_1075,c_873,Basic,29.00,cancelled,2026-05-05,2026-05-14
sub_1076,c_939,Basic,29.00,upgraded,2026-04-21,2026-05-16
sub_1077,c_939,Enterprise,499.00,cancelled,2026-05-16,2026-05-26
sub_1078,c_852,Pro,99.00,upgraded,2026-04-21,2026-04-30
sub_1079,c_852,Basic,29.00,active,2026-04-30,
sub_1080,c_080,Trial,0.00,upgraded,2026-04-21,2026-04-23
sub_1081,c_080,Basic,29.00,cancelled,2026-04-23,2026-05-31
sub_1082,c_674,Enterprise,499.00,active,2026-04-21,
sub_1083,c_804,Trial,0.00,active,2026-04-21,
sub_1084,c_990,Enterprise,499.00,cancelled,2026-04-22,2026-05-31
sub_1085,c_578,Enterprise,499.00,upgraded,2026-04-22,2026-05-04
sub_1086,c_578,Pro,99.00,cancelled,2026-05-04,2026-05-31
sub_1087,c_920,Enterprise,499.00,cancelled,2026-04-22,2026-05-15
sub_1088,c_492,Basic,29.00,active,2026-04-22,
sub_1089,c_212,Enterprise,499.00,upgraded,2026-04-22,2026-04-23
sub_1090,c_212,Pro,99.00,active,2026-04-23,
sub_1091,c_293,Pro,99.00,cancelled,2026-04-22,2026-05-27
sub_1092,c_457,Pro,99.00,active,2026-04-22,
sub_1093,c_058,Trial,0.00,upgraded,2026-04-22,2026-05-23
sub_1094,c_058,Enterprise,499.00,cancelled,2026-05-23,2026-05-31
sub_1095,c_239,Enterprise,499.00,upgraded,2026-04-22,2026-04-28
sub_1096,c_239,Basic,29.00,cancelled,2026-04-28,2026-05-28
sub_1097,c_772,Trial,0.00,upgraded,2026-04-23,2026-05-31
sub_1098,c_772,Basic,29.00,active,2026-05-31,
sub_1099,c_811,Enterprise,499.00,upgraded,2026-04-23,2026-05-31
sub_1100,c_811,Basic,29.00,cancelled,2026-05-31,2026-05-31
sub_1101,c_965,Trial,0.00,cancelled,2026-04-23,2026-05-28
sub_1102,c_672,Trial,0.00,cancelled,2026-04-23,2026-05-23
sub_1103,c_916,Enterprise,499.00,upgraded,2026-04-24,2026-05-16
sub_1104,c_916,Pro,99.00,cancelled,2026-05-16,2026-05-31
sub_1105,c_420,Pro,99.00,active,2026-04-24,
sub_1106,c_539,Trial,0.00,upgraded,2026-04-24,2026-05-31
sub_1107,c_539,Enterprise,499.00,cancelled,2026-05-31,2026-05-31
sub_1108,c_562,Pro,99.00,active,2026-04-24,
sub_1109,c_310,Enterprise,499.00,upgraded,2026-04-24,2026-05-05
sub_1110,c_310,Basic,29.00,cancelled,2026-05-05,2026-05-31
sub_1111,c_241,Trial,0.00,cancelled,2026-04-24,2026-05-26
sub_1112,c_948,Trial,0.00,active,2026-04-24,
sub_1113,c_946,Trial,0.00,cancelled,2026-04-24,2026-05-11
sub_1114,c_263,Basic,29.00,upgraded,2026-04-24,2026-05-12
sub_1115,c_263,Enterprise,499.00,cancelled,2026-05-12,2026-05-13
sub_1116,c_1000,Trial,0.00,upgraded,2026-04-25,2026-05-07
sub_1117,c_1000,Enterprise,499.00,active,2026-05-07,
sub_1118,c_333,Enterprise,499.00,cancelled,2026-04-25,2026-05-07
sub_1119,c_007,Pro,99.00,upgraded,2026-04-25,2026-05-11
sub_1120,c_007,Enterprise,499.00,active,2026-05-11,
sub_1121,c_938,Trial,0.00,cancelled,2026-04-25,2026-05-01
sub_1122,c_887,Basic,29.00,upgraded,2026-04-25,2026-05-05
sub_1123,c_887,Enterprise,499.00,cancelled,2026-05-05,2026-05-30
sub_1124,c_519,Basic,29.00,upgraded,2026-04-25,2026-05-24
sub_1125,c_519,Pro,99.00,active,2026-05-24,
sub_1126,c_741,Pro,99.00,active,2026-04-25,
sub_1127,c_337,Pro,99.00,active,2026-04-26,
sub_1128,c_996,Trial,0.00,active,2026-04-26,
sub_1129,c_708,Enterprise,499.00,cancelled,2026-04-26,2026-05-27
sub_1130,c_456,Pro,99.00,cancelled,2026-04-26,2026-05-31
sub_1131,c_805,Basic,29.00,cancelled,2026-04-26,2026-05-31
sub_1132,c_722,Enterprise,499.00,cancelled,2026-04-26,2026-05-13
sub_1133,c_236,Basic,29.00,upgraded,2026-04-27,2026-05-25
sub_1134,c_236,Pro,99.00,cancelled,2026-05-25,2026-05-31
sub_1135,c_845,Enterprise,499.00,upgraded,2026-04-27,2026-05-18
sub_1136,c_845,Basic,29.00,active,2026-05-18,
sub_1137,c_942,Pro,99.00,cancelled,2026-04-27,2026-05-31
sub_1138,c_397,Pro,99.00,cancelled,2026-04-27,2026-05-15
sub_1139,c_237,Pro,99.00,active,2026-04-28,
sub_1140,c_438,Pro,99.00,upgraded,2026-04-28,2026-05-31
sub_1141,c_438,Enterprise,499.00,cancelled,2026-05-31,2026-05-31
sub_1142,c_490,Basic,29.00,upgraded,2026-04-28,2026-05-31
sub_1143,c_490,Pro,99.00,cancelled,2026-05-31,2026-05-31
sub_1144,c_346,Basic,29.00,cancelled,2026-04-28,2026-05-31
sub_1145,c_048,Trial,0.00,upgraded,2026-04-28,2026-04-29
sub_1146,c_048,Basic,29.00,active,2026-04-29,
sub_1147,c_847,Enterprise,499.00,active,2026-04-28,
sub_1148,c_174,Trial,0.00,upgraded,2026-04-28,2026-05-27
sub_1149,c_174,Pro,99.00,active,2026-05-27,
sub_1150,c_487,Pro,99.00,cancelled,2026-04-28,2026-05-11
sub_1151,c_040,Trial,0.00,active,2026-04-29,
sub_1152,c_776,Trial,0.00,active,2026-04-29,
sub_1153,c_090,Basic,29.00,upgraded,2026-04-29,2026-05-31
sub_1154,c_090,Pro,99.00,active,2026-05-31,
sub_1155,c_864,Trial,0.00,upgraded,2026-04-29,2026-05-08
sub_1156,c_864,Pro,99.00,active,2026-05-08,
sub_1157,c_363,Trial,0.00,upgraded,2026-04-30,2026-05-12
sub_1158,c_363,Pro,99.00,cancelled,2026-05-12,2026-05-31
sub_1159,c_518,Trial,0.00,upgraded,2026-04-30,2026-05-30
sub_1160,c_518,Pro,99.00,cancelled,2026-05-30,2026-05-31
sub_1161,c_639,Pro,99.00,cancelled,2026-04-30,2026-05-11
sub_1162,c_127,Trial,0.00,cancelled,2026-04-30,2026-05-04
sub_1163,c_584,Enterprise,499.00,cancelled,2026-04-30,2026-05-22
sub_1164,c_523,Trial,0.00,cancelled,2026-05-01,2026-05-18
sub_1165,c_219,Basic,29.00,cancelled,2026-05-01,2026-05-06
sub_1166,c_312,Enterprise,499.00,active,2026-05-01,
sub_1167,c_689,Enterprise,499.00,active,2026-05-01,
sub_1168,c_733,Enterprise,499.00,active,2026-05-01,
sub_1169,c_161,Basic,29.00,upgraded,2026-05-01,2026-05-29
sub_1170,c_161,Pro,99.00,active,2026-05-29,
sub_1171,c_344,Enterprise,499.00,upgraded,2026-05-02,2026-05-19
sub_1172,c_344,Basic,29.00,active,2026-05-19,
sub_1173,c_039,Trial,0.00,active,2026-05-02,
sub_1174,c_250,Pro,99.00,cancelled,2026-05-02,2026-05-04
sub_1175,c_827,Enterprise,499.00,active,2026-05-02,
sub_1176,c_821,Trial,0.00,active,2026-05-02,
sub_1177,c_299,Enterprise,499.00,cancelled,2026-05-02,2026-05-12
sub_1178,c_871,Pro,99.00,cancelled,2026-05-02,2026-05-31
sub_1179,c_839,Trial,0.00,upgraded,2026-05-02,2026-05-31
sub_1180,c_839,Pro,99.00,cancelled,2026-05-31,2026-05-31
sub_1181,c_563,Trial,0.00,upgraded,2026-05-03,2026-05-18
sub_1182,c_563,Basic,29.00,cancelled,2026-05-18,2026-05-31
sub_1183,c_216,Enterprise,499.00,active,2026-05-03,
sub_1184,c_767,Pro,99.00,cancelled,2026-05-03,2026-05-31
sub_1185,c_136,Pro,99.00,cancelled,2026-05-03,2026-05-07
sub_1186,c_253,Trial,0.00,cancelled,2026-05-03,2026-05-31
sub_1187,c_468,Pro,99.00,active,2026-05-03,
sub_1188,c_802,Enterprise,499.00,cancelled,2026-05-03,2026-05-31
sub_1189,c_709,Basic,29.00,active,2026-05-04,
sub_1190,c_861,Trial,0.00,cancelled,2026-05-04,2026-05-31
sub_1191,c_816,Basic,29.00,cancelled,2026-05-04,2026-05-31
sub_1192,c_517,Enterprise,499.00,active,2026-05-04,
sub_1193,c_182,Pro,99.00,cancelled,2026-05-04,2026-05-10
sub_1194,c_211,Enterprise,499.00,upgraded,2026-05-04,2026-05-17
sub_1195,c_211,Basic,29.00,active,2026-05-17,
sub_1196,c_286,Basic,29.00,active,2026-05-04,
sub_1197,c_850,Basic,29.00,cancelled,2026-05-04,2026-05-29
sub_1198,c_610,Trial,0.00,upgraded,2026-05-05,2026-05-31
sub_1199,c_610,Pro,99.00,cancelled,2026-05-31,2026-05-31
sub_1200,c_601,Enterprise,499.00,active,2026-05-05,
sub_1201,c_950,Trial,0.00,cancelled,2026-05-05,2026-05-09
sub_1202,c_001,Pro,99.00,upgraded,2026-05-05,2026-05-08
sub_1203,c_001,Enterprise,499.00,active,2026-05-08,
sub_1204,c_956,Basic,29.00,upgraded,2026-05-05,2026-05-31
sub_1205,c_956,Enterprise,499.00,active,2026-05-31,
sub_1206,c_439,Basic,29.00,active,2026-05-05,
sub_1207,c_679,Trial,0.00,upgraded,2026-05-05,2026-05-15
sub_1208,c_679,Pro,99.00,active,2026-05-15,
sub_1209,c_400,Enterprise,499.00,upgraded,2026-05-05,2026-05-08
sub_1210,c_400,Basic,29.00,active,2026-05-08,
sub_1211,c_650,Trial,0.00,active,2026-05-05,
sub_1212,c_844,Trial,0.00,cancelled,2026-05-06,2026-05-13
sub_1213,c_406,Enterprise,499.00,upgraded,2026-05-06,2026-05-17
sub_1214,c_406,Basic,29.00,active,2026-05-17,
sub_1215,c_196,Trial,0.00,cancelled,2026-05-06,2026-05-31
sub_1216,c_313,Basic,29.00,active,2026-05-06,
sub_1217,c_763,Basic,29.00,cancelled,2026-05-06,2026-05-28
sub_1218,c_598,Enterprise,499.00,cancelled,2026-05-06,2026-05-14
sub_1219,c_274,Basic,29.00,cancelled,2026-05-07,2026-05-21
sub_1220,c_824,Trial,0.00,upgraded,2026-05-07,2026-05-19
sub_1221,c_824,Pro,99.00,active,2026-05-19,
sub_1222,c_184,Trial,0.00,cancelled,2026-05-07,2026-05-17
sub_1223,c_169,Enterprise,499.00,active,2026-05-07,
sub_1224,c_409,Pro,99.00,upgraded,2026-05-07,2026-05-18
sub_1225,c_409,Enterprise,499.00,active,2026-05-18,
sub_1226,c_789,Trial,0.00,active,2026-05-07,
sub_1227,c_675,Trial,0.00,upgraded,2026-05-08,2026-05-31
sub_1228,c_675,Pro,99.00,active,2026-05-31,
sub_1229,c_347,Trial,0.00,cancelled,2026-05-08,2026-05-14
sub_1230,c_808,Trial,0.00,active,2026-05-08,
sub_1231,c_581,Basic,29.00,active,2026-05-08,
sub_1232,c_421,Pro,99.00,cancelled,2026-05-08,2026-05-31
sub_1233,c_138,Enterprise,499.00,upgraded,2026-05-08,2026-05-17
sub_1234,c_138,Basic,29.00,active,2026-05-17,
sub_1235,c_750,Pro,99.00,upgraded,2026-05-08,2026-05-31
sub_1236,c_750,Enterprise,499.00,active,2026-05-31,
sub_1237,c_700,Basic,29.00,upgraded,2026-05-08,2026-05-31
sub_1238,c_700,Pro,99.00,active,2026-05-31,
sub_1239,c_846,Enterprise,499.00,upgraded,2026-05-08,2026-05-14
sub_1240,c_846,Pro,99.00,cancelled,2026-05-14,2026-05-31
sub_1241,c_060,Trial,0.00,upgraded,2026-05-08,2026-05-24
sub_1242,c_060,Basic,29.00,active,2026-05-24,
sub_1243,c_712,Trial,0.00,upgraded,2026-05-09,2026-05-31
sub_1244,c_712,Enterprise,499.00,active,2026-05-31,
sub_1245,c_229,Enterprise,499.00,upgraded,2026-05-09,2026-05-31
sub_1246,c_229,Basic,29.00,cancelled,2026-05-31,2026-05-31
sub_1247,c_073,Basic,29.00,active,2026-05-09,
sub_1248,c_122,Basic,29.00,upgraded,2026-05-09,2026-05-31
sub_1249,c_122,Enterprise,499.00,active,2026-05-31,
sub_1250,c_126,Basic,29.00,upgraded,2026-05-10,2026-05-13
sub_1251,c_126,Pro,99.00,cancelled,2026-05-13,2026-05-31
sub_1252,c_287,Basic,29.00,cancelled,2026-05-10,2026-05-27
sub_1253,c_104,Pro,99.00,upgraded,2026-05-10,2026-05-31
sub_1254,c_104,Basic,29.00,active,2026-05-31,
sub_1255,c_142,Trial,0.00,upgraded,2026-05-10,2026-05-22
sub_1256,c_142,Basic,29.00,active,2026-05-22,
sub_1257,c_383,Enterprise,499.00,upgraded,2026-05-10,2026-05-18
sub_1258,c_383,Basic,29.00,active,2026-05-18,
sub_1259,c_189,Enterprise,499.00,upgraded,2026-05-10,2026-05-31
sub_1260,c_189,Pro,99.00,cancelled,2026-05-31,2026-05-31
sub_1261,c_083,Pro,99.00,active,2026-05-11,
sub_1262,c_585,Trial,0.00,cancelled,2026-05-11,2026-05-26
sub_1263,c_133,Trial,0.00,active,2026-05-11,
sub_1264,c_062,Enterprise,499.00,active,2026-05-11,
sub_1265,c_600,Enterprise,499.00,active,2026-05-11,
sub_1266,c_572,Trial,0.00,cancelled,2026-05-12,2026-05-31
sub_1267,c_003,Enterprise,499.00,active,2026-05-12,
sub_1268,c_704,Enterprise,499.00,active,2026-05-12,
sub_1269,c_176,Basic,29.00,upgraded,2026-05-12,2026-05-31
sub_1270,c_176,Pro,99.00,cancelled,2026-05-31,2026-05-31
sub_1271,c_288,Basic,29.00,cancelled,2026-05-12,2026-05-25
sub_1272,c_298,Pro,99.00,cancelled,2026-05-12,2026-05-25
sub_1273,c_418,Pro,99.00,active,2026-05-12,
sub_1274,c_416,Trial,0.00,upgraded,2026-05-12,2026-05-31
sub_1275,c_416,Basic,29.00,cancelled,2026-05-31,2026-05-31
sub_1276,c_034,Trial,0.00,cancelled,2026-05-13,2026-05-31
sub_1277,c_031,Enterprise,499.00,active,2026-05-13,
sub_1278,c_853,Pro,99.00,active,2026-05-13,
sub_1279,c_995,Pro,99.00,upgraded,2026-05-13,2026-05-24
sub_1280,c_995,Basic,29.00,active,2026-05-24,
sub_1281,c_178,Trial,0.00,cancelled,2026-05-13,2026-05-31
sub_1282,c_467,Enterprise,499.00,active,2026-05-13,
sub_1283,c_525,Enterprise,499.00,cancelled,2026-05-14,2026-05-31
sub_1284,c_609,Trial,0.00,upgraded,2026-05-14,2026-05-31
sub_1285,c_609,Enterprise,499.00,active,2026-05-31,
sub_1286,c_341,Basic,29.00,cancelled,2026-05-14,2026-05-31
sub_1287,c_840,Basic,29.00,upgraded,2026-05-14,2026-05-24
sub_1288,c_840,Pro,99.00,cancelled,2026-05-24,2026-05-27
sub_1289,c_234,Trial,0.00,cancelled,2026-05-14,2026-05-31
sub_1290,c_705,Trial,0.00,cancelled,2026-05-14,2026-05-31
sub_1291,c_389,Enterprise,499.00,cancelled,2026-05-14,2026-05-31
sub_1292,c_290,Trial,0.00,cancelled,2026-05-15,2026-05-31
sub_1293,c_755,Basic,29.00,active,2026-05-15,
sub_1294,c_100,Trial,0.00,upgraded,2026-05-15,2026-05-31
sub_1295,c_100,Basic,29.00,active,2026-05-31,
sub_1296,c_198,Pro,99.00,cancelled,2026-05-15,2026-05-31
sub_1297,c_477,Trial,0.00,active,2026-05-15,
sub_1298,c_698,Enterprise,499.00,upgraded,2026-05-15,2026-05-31
sub_1299,c_698,Basic,29.00,cancelled,2026-05-31,2026-05-31
sub_1300,c_607,Trial,0.00,cancelled,2026-05-15,2026-05-31
sub_1301,c_784,Basic,29.00,upgraded,2026-05-15,2026-05-31
sub_1302,c_784,Pro,99.00,cancelled,2026-05-31,2026-05-31
sub_1303,c_736,Enterprise,499.00,upgraded,2026-05-16,2026-05-31
sub_1304,c_736,Basic,29.00,active,2026-05-31,
sub_1305,c_651,Enterprise,499.00,upgraded,2026-05-16,2026-05-31
sub_1306,c_651,Basic,29.00,cancelled,2026-05-31,2026-05-31
sub_1307,c_008,Pro,99.00,upgraded,2026-05-16,2026-05-31
sub_1308,c_008,Basic,29.00,active,2026-05-31,
sub_1309,c_252,Pro,99.00,upgraded,2026-05-16,2026-05-20
sub_1310,c_252,Enterprise,499.00,active,2026-05-20,
sub_1311,c_314,Trial,0.00,cancelled,2026-05-17,2026-05-31
sub_1312,c_866,Enterprise,499.00,upgraded,2026-05-17,2026-05-20
sub_1313,c_866,Pro,99.00,cancelled,2026-05-20,2026-05-31
sub_1314,c_019,Trial,0.00,upgraded,2026-05-17,2026-05-31
sub_1315,c_019,Basic,29.00,cancelled,2026-05-31,2026-05-31
sub_1316,c_954,Trial,0.00,upgraded,2026-05-17,2026-05-31
sub_1317,c_954,Enterprise,499.00,active,2026-05-31,
sub_1318,c_695,Basic,29.00,cancelled,2026-05-17,2026-05-31
sub_1319,c_575,Pro,99.00,upgraded,2026-05-17,2026-05-31
sub_1320,c_575,Enterprise,499.00,cancelled,2026-05-31,2026-05-31
sub_1321,c_568,Trial,0.00,cancelled,2026-05-18,2026-05-31
sub_1322,c_151,Enterprise,499.00,cancelled,2026-05-18,2026-05-31
sub_1323,c_654,Trial,0.00,cancelled,2026-05-18,2026-05-31
sub_1324,c_413,Pro,99.00,cancelled,2026-05-18,2026-05-31
sub_1325,c_422,Pro,99.00,upgraded,2026-05-18,2026-05-31
sub_1326,c_422,Basic,29.00,active,2026-05-31,
sub_1327,c_959,Enterprise,499.00,active,2026-05-18,
sub_1328,c_515,Trial,0.00,cancelled,2026-05-18,2026-05-30
sub_1329,c_501,Pro,99.00,active,2026-05-18,
sub_1330,c_762,Trial,0.00,active,2026-05-19,
sub_1331,c_894,Pro,99.00,active,2026-05-19,
sub_1332,c_715,Basic,29.00,cancelled,2026-05-19,2026-05-29
sub_1333,c_746,Basic,29.00,upgraded,2026-05-19,2026-05-31
sub_1334,c_746,Pro,99.00,cancelled,2026-05-31,2026-05-31
sub_1335,c_006,Basic,29.00,cancelled,2026-05-20,2026-05-31
sub_1336,c_469,Enterprise,499.00,cancelled,2026-05-20,2026-05-31
sub_1337,c_620,Trial,0.00,cancelled,2026-05-20,2026-05-31
sub_1338,c_587,Trial,0.00,active,2026-05-20,
sub_1339,c_143,Basic,29.00,upgraded,2026-05-20,2026-05-31
sub_1340,c_143,Enterprise,499.00,cancelled,2026-05-31,2026-05-31
sub_1341,c_194,Pro,99.00,upgraded,2026-05-20,2026-05-31
sub_1342,c_194,Enterprise,499.00,cancelled,2026-05-31,2026-05-31
sub_1343,c_678,Enterprise,499.00,cancelled,2026-05-20,2026-05-31
sub_1344,c_520,Basic,29.00,cancelled,2026-05-20,2026-05-31
sub_1345,c_730,Pro,99.00,active,2026-05-20,
sub_1346,c_357,Enterprise,499.00,cancelled,2026-05-21,2026-05-31
sub_1347,c_370,Trial,0.00,active,2026-05-21,
sub_1348,c_577,Pro,99.00,cancelled,2026-05-21,2026-05-31
sub_1349,c_974,Basic,29.00,upgraded,2026-05-21,2026-05-31
sub_1350,c_974,Enterprise,499.00,active,2026-05-31,
sub_1351,c_668,Basic,29.00,upgraded,2026-05-21,2026-05-31
sub_1352,c_668,Pro,99.00,active,2026-05-31,
sub_1353,c_624,Basic,29.00,active,2026-05-21,
sub_1354,c_676,Trial,0.00,cancelled,2026-05-21,2026-05-31
sub_1355,c_419,Basic,29.00,cancelled,2026-05-21,2026-05-31
sub_1356,c_160,Pro,99.00,active,2026-05-21,
sub_1357,c_659,Basic,29.00,upgraded,2026-05-21,2026-05-24
sub_1358,c_659,Enterprise,499.00,cancelled,2026-05-24,2026-05-31
sub_1359,c_724,Pro,99.00,cancelled,2026-05-21,2026-05-31
sub_1360,c_395,Basic,29.00,upgraded,2026-05-22,2026-05-31
sub_1361,c_395,Pro,99.00,active,2026-05-31,
sub_1362,c_634,Enterprise,499.00,cancelled,2026-05-22,2026-05-31
sub_1363,c_063,Enterprise,499.00,cancelled,2026-05-22,2026-05-31
sub_1364,c_862,Trial,0.00,upgraded,2026-05-22,2026-05-31
sub_1365,c_862,Enterprise,499.00,cancelled,2026-05-31,2026-05-31
sub_1366,c_842,Pro,99.00,cancelled,2026-05-22,2026-05-31
sub_1367,c_186,Basic,29.00,upgraded,2026-05-22,2026-05-31
sub_1368,c_186,Enterprise,499.00,active,2026-05-31,
sub_1369,c_969,Enterprise,499.00,active,2026-05-23,
sub_1370,c_677,Basic,29.00,upgraded,2026-05-23,2026-05-31
sub_1371,c_677,Pro,99.00,cancelled,2026-05-31,2026-05-31
sub_1372,c_529,Enterprise,499.00,upgraded,2026-05-23,2026-05-31
sub_1373,c_529,Pro,99.00,cancelled,2026-05-31,2026-05-31
sub_1374,c_738,Pro,99.00,active,2026-05-23,
sub_1375,c_648,Basic,29.00,upgraded,2026-05-23,2026-05-31
sub_1376,c_648,Pro,99.00,cancelled,2026-05-31,2026-05-31
sub_1377,c_075,Trial,0.00,active,2026-05-23,
sub_1378,c_131,Enterprise,499.00,upgraded,2026-05-23,2026-05-31
sub_1379,c_131,Basic,29.00,cancelled,2026-05-31,2026-05-31
sub_1380,c_798,Enterprise,499.00,cancelled,2026-05-23,2026-05-31
sub_1381,c_107,Trial,0.00,upgraded,2026-05-24,2026-05-31
sub_1382,c_107,Pro,99.00,active,2026-05-31,
sub_1383,c_801,Enterprise,499.00,cancelled,2026-05-24,2026-05-31
sub_1384,c_205,Pro,99.00,active,2026-05-24,
sub_1385,c_429,Pro,99.00,cancelled,2026-05-24,2026-05-31
sub_1386,c_556,Pro,99.00,cancelled,2026-05-24,2026-05-31
sub_1387,c_886,Trial,0.00,active,2026-05-24,
sub_1388,c_764,Enterprise,499.00,upgraded,2026-05-24,2026-05-31
sub_1389,c_764,Pro,99.00,cancelled,2026-05-31,2026-05-31
sub_1390,c_367,Enterprise,499.00,upgraded,2026-05-24,2026-05-31
sub_1391,c_367,Basic,29.00,active,2026-05-31,
sub_1392,c_384,Basic,29.00,active,2026-05-25,
sub_1393,c_794,Pro,99.00,cancelled,2026-05-25,2026-05-31
sub_1394,c_204,Pro,99.00,active,2026-05-25,
sub_1395,c_268,Enterprise,499.00,active,2026-05-25,
sub_1396,c_027,Trial,0.00,cancelled,2026-05-25,2026-05-31
sub_1397,c_392,Pro,99.00,cancelled,2026-05-25,2026-05-31
sub_1398,c_463,Enterprise,499.00,upgraded,2026-05-26,2026-05-31
sub_1399,c_463,Basic,29.00,active,2026-05-31,
sub_1400,c_157,Basic,29.00,cancelled,2026-05-26,2026-05-31
sub_1401,c_188,Enterprise,499.00,active,2026-05-26,
sub_1402,c_035,Pro,99.00,upgraded,2026-05-26,2026-05-31
sub_1403,c_035,Enterprise,499.00,cancelled,2026-05-31,2026-05-31
sub_1404,c_145,Trial,0.00,active,2026-05-26,
sub_1405,c_702,Basic,29.00,cancelled,2026-05-27,2026-05-31
sub_1406,c_473,Enterprise,499.00,active,2026-05-27,
sub_1407,c_156,Pro,99.00,cancelled,2026-05-27,2026-05-31
sub_1408,c_306,Enterprise,499.00,upgraded,2026-05-27,2026-05-31
sub_1409,c_306,Basic,29.00,active,2026-05-31,
sub_1410,c_372,Trial,0.00,cancelled,2026-05-27,2026-05-31
sub_1411,c_550,Trial,0.00,upgraded,2026-05-27,2026-05-31
sub_1412,c_550,Enterprise,499.00,cancelled,2026-05-31,2026-05-31
sub_1413,c_049,Enterprise,499.00,cancelled,2026-05-27,2026-05-31
sub_1414,c_988,Enterprise,499.00,upgraded,2026-05-27,2026-05-31
sub_1415,c_988,Pro,99.00,active,2026-05-31,
sub_1416,c_195,Pro,99.00,active,2026-05-28,
sub_1417,c_449,Trial,0.00,active,2026-05-28,
sub_1418,c_891,Pro,99.00,cancelled,2026-05-28,2026-05-31
sub_1419,c_399,Basic,29.00,cancelled,2026-05-28,2026-05-31
sub_1420,c_206,Trial,0.00,cancelled,2026-05-28,2026-05-31
sub_1421,c_888,Enterprise,499.00,upgraded,2026-05-28,2026-05-31
sub_1422,c_888,Basic,29.00,cancelled,2026-05-31,2026-05-31
sub_1423,c_530,Trial,0.00,upgraded,2026-05-28,2026-05-31
sub_1424,c_530,Enterprise,499.00,active,2026-05-31,
sub_1425,c_718,Trial,0.00,upgraded,2026-05-28,2026-05-31
sub_1426,c_718,Enterprise,499.00,cancelled,2026-05-31,2026-05-31
sub_1427,c_661,Pro,99.00,cancelled,2026-05-28,2026-05-31
sub_1428,c_041,Pro,99.00,active,2026-05-29,
sub_1429,c_441,Pro,99.00,active,2026-05-29,
sub_1430,c_543,Trial,0.00,active,2026-05-29,
sub_1431,c_547,Pro,99.00,cancelled,2026-05-29,2026-05-31
sub_1432,c_146,Enterprise,499.00,cancelled,2026-05-29,2026-05-31
sub_1433,c_046,Trial,0.00,active,2026-05-29,
sub_1434,c_430,Basic,29.00,upgraded,2026-05-29,2026-05-31
sub_1435,c_430,Pro,99.00,active,2026-05-31,
sub_1436,c_173,Enterprise,499.00,cancelled,2026-05-29,2026-05-31
sub_1437,c_857,Trial,0.00,active,2026-05-29,
sub_1438,c_629,Trial,0.00,cancelled,2026-05-30,2026-05-31
sub_1439,c_508,Pro,99.00,upgraded,2026-05-30,2026-05-31
sub_1440,c_508,Basic,29.00,cancelled,2026-05-31,2026-05-31
sub_1441,c_905,Pro,99.00,active,2026-05-30,
sub_1442,c_869,Pro,99.00,active,2026-05-30,
sub_1443,c_465,Trial,0.00,active,2026-05-30,
sub_1444,c_261,Basic,29.00,upgraded,2026-05-31,2026-05-31
sub_1445,c_261,Pro,99.00,cancelled,2026-05-31,2026-05-31
sub_1446,c_579,Basic,29.00,active,2026-05-31,
sub_1447,c_113,Trial,0.00,cancelled,2026-05-31,2026-05-31
sub_1448,c_836,Trial,0.00,active,2026-05-31,
sub_1449,c_329,Trial,0.00,cancelled,2026-05-31,2026-05-31
sub_1450,c_185,Trial,0.00,active,2026-05-31,
sub_1451,c_567,Trial,0.00,active,2026-05-31,
